"a_ID","Police_Force.x","a_type.x","a_veh.x","a_cas.x","a_date.x","a_day.x","a_time.x","a_gd1.x","a_gd2.x","LGDNAME.x","a_ctype.x","a_speed.x","a_jdet.x","a_jcont.x","a_pedhum.x","a_pedphys.x","a_light.x","a_weat.x","a_roadsc.x","a_speccs.x","a_chaz.x","a_scene.x","Urban_Rural.x","X.x","Y.x","year.x","CLASS","NAME","ROAD_NUMBE","OA_CODE"
"A100005","Police Service of Northern Ireland",3,2,1,2013-10-24,"THU",17:50:00,334227,374339,"Belfast City",2,30,NA,NA,NA,NA,NA,NA,NA,NA,NA,NA,"URBAN",-5.92382124484206,54.5994520810495,"2013","U","ANN STREET","U0624","95GG390015"
"A100035","Police Service of Northern Ireland",3,2,3,2013-10-26,"SAT",20:10:00,334368,374363,"Belfast City",2,30,NA,NA,NA,NA,NA,NA,NA,NA,NA,NA,"URBAN",-5.92163013128806,54.5996301034569,"2013","U","BERRY STREET","U0621","95GG200003"
"A100127","Police Service of Northern Ireland",3,2,1,2013-11-01,"FRI",00:37:00,333496,374705,"Belfast City",13,30,NA,NA,NA,NA,NA,NA,NA,NA,NA,NA,"URBAN",-5.93495764471024,54.6029311829617,"2013","A","MAY STREET","A0020","95GG350004"
"A100200","Police Service of Northern Ireland",3,2,1,2013-11-04,"MON",13:41:00,334199,375484,"Belfast City",13,30,NA,NA,NA,NA,NA,NA,NA,NA,NA,NA,"URBAN",-5.92373088022188,54.6097383981571,"2013","A","YORK STREET","A0002","95GG200003"
"A100282","Police Service of Northern Ireland",3,1,1,2013-11-08,"FRI",15:45:00,333720,374166,"Belfast City",13,30,NA,NA,NA,NA,NA,NA,NA,NA,NA,NA,"URBAN",-5.93173924905482,54.5980332821678,"2013","U","EXCHANGE STREET","U0620","95GG210002"
"A100294","Police Service of Northern Ireland",3,1,2,2013-11-09,"SAT",01:41:00,333532,373967,"Belfast City",13,30,NA,NA,NA,NA,NA,NA,NA,NA,NA,NA,"URBAN",-5.93473647211624,54.5962964608322,"2013","U","UPPER QUEEN STREET","U0624","95GG390012"
"A100389","Police Service of Northern Ireland",3,2,2,2013-11-14,"THU",16:30:00,334278,374352,"Belfast City",2,30,NA,NA,NA,NA,NA,NA,NA,NA,NA,NA,"URBAN",-5.9230267419699,54.5995552505858,"2013","U","ANN STREET","U0624","95GG200003"
"A100588","Police Service of Northern Ireland",3,1,1,2013-11-25,"MON",11:00:00,334397,374006,"Belfast City",13,30,NA,NA,NA,NA,NA,NA,NA,NA,NA,NA,"URBAN",-5.92134506761952,54.5964175433785,"2013","U","MONTGOMERY STREET","U0624","95GG390013"
"A100673","Police Service of Northern Ireland",3,1,1,2013-11-29,"FRI",09:10:00,333911,374152,"Belfast City",13,30,NA,NA,NA,NA,NA,NA,NA,NA,NA,NA,"URBAN",-5.92879248844595,54.5978570822663,"2013","U","COARS LANE","U0620","95GG390015"
"A100942","Police Service of Northern Ireland",3,1,1,2013-12-13,"FRI",08:00:00,334201,374124,"Belfast City",2,30,NA,NA,NA,NA,NA,NA,NA,NA,NA,NA,"URBAN",-5.92432148214194,54.5975288794451,"2013","A","YORK STREET","A0002","95GG390015"
"A100978","Police Service of Northern Ireland",3,2,1,2013-12-15,"SUN",03:30:00,333800,374763,"Belfast City",13,30,NA,NA,NA,NA,NA,NA,NA,NA,NA,NA,"URBAN",-5.93023035884629,54.6033715420777,"2013","U","DONEGALL STREET","U0620","95GG200003"
"A101007","Police Service of Northern Ireland",3,1,2,2013-12-16,"MON",15:41:00,334201,374123,"Belfast City",2,30,NA,NA,NA,NA,NA,NA,NA,NA,NA,NA,"URBAN",-5.92432193898054,54.5975199022372,"2013","A","YORK STREET","A0002","95GG390015"
"A101094","Police Service of Northern Ireland",3,1,1,2013-12-21,"SAT",01:10:00,333755,374836,"Belfast City",13,30,NA,NA,NA,NA,NA,NA,NA,NA,NA,NA,"URBAN",-5.93089296610941,54.6040387815774,"2013","U","DONEGALL STREET","U0620","95GG350004"
"A101308","Police Service of Northern Ireland",3,2,2,2014-01-04,"SAT",23:40:00,333478,374408,"Belfast City",2,30,NA,NA,NA,NA,NA,NA,NA,NA,NA,NA,"URBAN",-5.93537096976549,54.6002696856205,"2014","U","GLOUCESTER STREET","U0624","95GG210002"
"A101324","Police Service of Northern Ireland",3,2,1,2014-01-06,"MON",14:30:00,334200,374127,"Belfast City",2,30,NA,NA,NA,NA,NA,NA,NA,NA,NA,NA,"URBAN",-5.92433557287538,54.5975560763208,"2014","A","YORK STREET","A0002","95GG390015"
"A101468","Police Service of Northern Ireland",3,2,2,2014-01-13,"MON",20:15:00,333643,374986,"Belfast City",13,30,NA,NA,NA,NA,NA,NA,NA,NA,NA,NA,"URBAN",-5.93255663891958,54.6054149724712,"2014","U","DONEGALL STREET","U0620","95GG350005"
"A101508","Police Service of Northern Ireland",3,1,1,2014-01-16,"THU",10:00:00,333959,373955,"Belfast City",13,30,NA,NA,NA,NA,NA,NA,NA,NA,NA,NA,"URBAN",-5.92814017294912,54.5960758608711,"2014","B","NORTH STREET","B0010","95GG390015"
"A101535","Police Service of Northern Ireland",3,2,2,2014-01-17,"FRI",14:59:00,334239,373982,"Belfast City",13,30,NA,NA,NA,NA,NA,NA,NA,NA,NA,NA,"URBAN",-5.92379884207334,54.5962440352037,"2014","A","MAY STREET","A0020","95GG390011"
"A101621","Police Service of Northern Ireland",3,1,1,2014-01-22,"WED",15:40:00,334210,374126,"Belfast City",13,30,NA,NA,NA,NA,NA,NA,NA,NA,NA,NA,"URBAN",-5.92418141724912,54.5975444465048,"2014","A","YORK STREET","A0002","95GG390015"
"A101705","Police Service of Northern Ireland",3,1,1,2014-01-28,"TUE",11:47:00,333742,374854,"Belfast City",13,30,NA,NA,NA,NA,NA,NA,NA,NA,NA,NA,"URBAN",-5.93108579686283,54.6042038093161,"2014","A","DONEGALL SQUARE NORTH","A0001","95GG350004"
"A101719","Police Service of Northern Ireland",2,1,1,2014-01-29,"WED",10:30:00,333808,374083,"Belfast City",13,30,12,3,3,11,1,1,2,1,9,2,"URBAN",-5.93041644451361,54.5972649044021,"2014","A","DONEGALL SQUARE WEST","A0001","95GG390015"
"A101720","Police Service of Northern Ireland",3,2,2,2014-01-29,"WED",13:45:00,333689,374628,"Belfast City",13,30,NA,NA,NA,NA,NA,NA,NA,NA,NA,NA,"URBAN",-5.93200826805086,54.6021889634319,"2014","A","MAY STREET","A0020","95GG350004"
"A101724","Police Service of Northern Ireland",3,2,1,2014-01-29,"WED",16:35:00,333942,374454,"Belfast City",13,30,NA,NA,NA,NA,NA,NA,NA,NA,NA,NA,"URBAN",-5.92817547167429,54.600559998913,"2014","U","QUEEN STREET","U0624","95GG200003"
"A101744","Police Service of Northern Ireland",3,1,1,2014-01-30,"THU",16:20:00,333613,374163,"Belfast City",2,30,NA,NA,NA,NA,NA,NA,NA,NA,NA,NA,"URBAN",-5.93339499597469,54.5980346199443,"2014","U","ROSEMARY STREET","U0620","95GG210002"
"A101794","Police Service of Northern Ireland",3,1,1,2014-02-02,"SUN",16:15:00,333946,375022,"Belfast City",13,30,NA,NA,NA,NA,NA,NA,NA,NA,NA,NA,"URBAN",-5.92785454181644,54.6056580009954,"2014","A","YORK STREET","A0002","95GG200003"
"A101834","Police Service of Northern Ireland",3,2,2,2014-02-04,"TUE",18:25:00,333493,374707,"Belfast City",13,30,NA,NA,NA,NA,NA,NA,NA,NA,NA,NA,"URBAN",-5.93500312572503,54.6029499292091,"2014","A","MAY STREET","A0020","95GG350004"
"A101904","Police Service of Northern Ireland",3,1,1,2014-02-08,"SAT",02:30:00,333902,374083,"Belfast City",2,30,NA,NA,NA,NA,NA,NA,NA,NA,NA,NA,"URBAN",-5.92896309282205,54.5972400351756,"2014","A","DONEGALL SQUARE SOUTH","A0020","95GG390015"
"A101972","Police Service of Northern Ireland",3,1,1,2014-02-12,"WED",12:50:00,334200,375760,"Belfast City",13,30,NA,NA,NA,NA,NA,NA,NA,NA,NA,NA,"URBAN",-5.92358922363154,54.6122158355849,"2014","A","YORK STREET","A0002","95GG200003"
"A102006","Police Service of Northern Ireland",3,1,1,2014-02-14,"FRI",14:25:00,333627,374241,"Belfast City",13,30,NA,NA,NA,NA,NA,NA,NA,NA,NA,NA,"URBAN",-5.93314305182596,54.5987311484413,"2014","U","ROSEMARY STREET","U0620","95GG210002"
"A102109","Police Service of Northern Ireland",3,1,1,2014-02-21,"FRI",15:50:00,333524,374290,"Belfast City",13,30,NA,NA,NA,NA,NA,NA,NA,NA,NA,NA,"URBAN",-5.93471334254266,54.5991982293319,"2014","U","MONTGOMERY STREET","U0624","95GG210002"
"A102190","Police Service of Northern Ireland",3,2,2,2014-02-26,"WED",20:15:00,333559,373912,"Belfast City",13,30,NA,NA,NA,NA,NA,NA,NA,NA,NA,NA,"URBAN",-5.93434403223596,54.5957955846311,"2014","A","HIGH STREET","A0501","95GG390015"
"A102359","Police Service of Northern Ireland",3,1,1,2014-03-06,"THU",22:40:00,333855,374856,"Belfast City",13,30,NA,NA,NA,NA,NA,NA,NA,NA,NA,NA,"URBAN",-5.92933747333767,54.6041918727853,"2014","A","YORK STREET","A0002","95GG200003"
"A102371","Police Service of Northern Ireland",2,1,1,2014-03-07,"FRI",12:59:00,333938,374099,"Belfast City",2,30,6,1,1,11,1,1,1,1,1,2,"URBAN",-5.9283991956393,54.5973741418752,"2014","A","WARING STREET","A0002","95GG390015"
"A102377","Police Service of Northern Ireland",3,1,1,2014-03-07,"FRI",16:26:00,333729,374277,"Belfast City",13,30,NA,NA,NA,NA,NA,NA,NA,NA,NA,NA,"URBAN",-5.93154956165628,54.5990273778054,"2014","U","GLOUCESTER STREET","U0624","95GG210002"
"A102391","Police Service of Northern Ireland",3,2,1,2014-03-08,"SAT",19:40:00,334045,375206,"Belfast City",13,30,NA,NA,NA,NA,NA,NA,NA,NA,NA,NA,"URBAN",-5.92623956520122,54.6072835792165,"2014","A","CHICHESTER STREET","A0020","95GG350003"
"A102456","Police Service of Northern Ireland",3,1,1,2014-03-13,"THU",09:48:00,333748,374323,"Belfast City",13,30,NA,NA,NA,NA,NA,NA,NA,NA,NA,NA,"URBAN",-5.93123484016478,54.5994353083488,"2014","U","BRIGHT STREET","U0823","95GG210002"
"A102477","Police Service of Northern Ireland",3,2,2,2014-03-14,"FRI",11:30:00,333996,374106,"Belfast City",2,30,NA,NA,NA,NA,NA,NA,NA,NA,NA,NA,"URBAN",-5.92749925224427,54.5974216247143,"2014","A","YORK STREET","A0002","95GG390015"
"A102486","Police Service of Northern Ireland",3,1,1,2014-03-14,"FRI",18:10:00,333818,374798,"Belfast City",13,30,NA,NA,NA,NA,NA,NA,NA,NA,NA,NA,"URBAN",-5.92993606607312,54.6036809835327,"2014","A","YORK STREET","A0002","95GG350004"
"A102510","Police Service of Northern Ireland",3,2,4,2014-03-16,"SUN",01:35:00,333564,373914,"Belfast City",2,30,NA,NA,NA,NA,NA,NA,NA,NA,NA,NA,"URBAN",-5.93426581958575,54.5958122193046,"2014","A","HIGH STREET","A0501","95GG390015"
"A102627","Police Service of Northern Ireland",3,2,1,2014-03-22,"SAT",19:45:00,333914,374955,"Belfast City",2,30,NA,NA,NA,NA,NA,NA,NA,NA,NA,NA,"URBAN",-5.92837995876083,54.6050650007909,"2014","A","YORK STREET","A0002","95GG200003"
"A102761","Police Service of Northern Ireland",3,2,1,2014-03-31,"MON",09:20:00,333768,374711,"Belfast City",13,30,NA,NA,NA,NA,NA,NA,NA,NA,NA,NA,"URBAN",-5.93074887850211,54.6029131893422,"2014","U","SEYMOUR ROW","U0624","95GG200003"
"A102782","Police Service of Northern Ireland",3,1,1,2014-04-01,"TUE",10:42:00,333633,374294,"Belfast City",13,30,NA,NA,NA,NA,NA,NA,NA,NA,NA,NA,"URBAN",-5.93302616902241,54.5992053581517,"2014","U","COLLEGE STREET","U0624","95GG210002"
"A102838","Police Service of Northern Ireland",3,2,1,2014-04-04,"FRI",22:52:00,333945,375018,"Belfast City",2,30,NA,NA,NA,NA,NA,NA,NA,NA,NA,NA,"URBAN",-5.92787183095006,54.6056223569584,"2014","A","YORK STREET","A0002","95GG200003"
"A102850","Police Service of Northern Ireland",3,2,1,2014-04-05,"SAT",14:00:00,334222,374343,"Belfast City",13,30,NA,NA,NA,NA,NA,NA,NA,NA,NA,NA,"URBAN",-5.92389672680706,54.5994893164495,"2014","U","ANN STREET","U0624","95GG200003"
"A102983","Police Service of Northern Ireland",3,1,1,2014-04-15,"TUE",14:05:00,333812,374225,"Belfast City",13,30,NA,NA,NA,NA,NA,NA,NA,NA,NA,NA,"URBAN",-5.93028991515424,54.5985386147731,"2014","U","CASTLE LANE","U0624","95GG390015"
"A103000","Police Service of Northern Ireland",3,1,1,2014-04-16,"WED",14:15:00,333995,373960,"Belfast City",13,30,NA,NA,NA,NA,NA,NA,NA,NA,NA,NA,"URBAN",-5.9275813064407,54.5961112143632,"2014","B","NORTH STREET","B0010","95GG390015"
"A103087","Police Service of Northern Ireland",3,2,3,2014-04-23,"WED",10:20:00,333534,373970,"Belfast City",13,30,NA,NA,NA,NA,NA,NA,NA,NA,NA,NA,"URBAN",-5.93470418676305,54.5963228647968,"2014","U","UPPER QUEEN STREET","U0624","95GG390012"
"A103183","Police Service of Northern Ireland",3,2,1,2014-04-30,"WED",16:50:00,334379,374150,"Belfast City",13,30,NA,NA,NA,NA,NA,NA,NA,NA,NA,NA,"URBAN",-5.92155749172531,54.5977150401866,"2014","A","WARING STREET",NA,"95GG390013"
"A103200","Police Service of Northern Ireland",3,2,1,2014-05-02,"FRI",01:49:00,333992,375106,"Belfast City",13,30,NA,NA,NA,NA,NA,NA,NA,NA,NA,NA,"URBAN",-5.92710484705178,54.6063999025626,"2014","A","YORK STREET","A0002","95GG200003"
"A103264","Police Service of Northern Ireland",3,1,1,2014-05-07,"WED",07:50:00,333736,374066,"Belfast City",2,30,NA,NA,NA,NA,NA,NA,NA,NA,NA,NA,"URBAN",-5.93153739076416,54.597131328138,"2014","A","DONEGALL SQUARE SOUTH","A0020","95GG390015"
"A103270","Police Service of Northern Ireland",3,1,1,2014-05-07,"WED",10:45:00,333518,374156,"Belfast City",13,30,NA,NA,NA,NA,NA,NA,NA,NA,NA,NA,"URBAN",-5.93486702326321,54.5979968592475,"2014","U","CLARKES LANE","U0620","95GG390015"
"A103516","Police Service of Northern Ireland",2,1,2,2014-05-20,"TUE",17:20:00,333712,374077,"Belfast City",2,30,12,3,1,11,1,1,1,1,1,1,"URBAN",-5.93190345187273,54.5972364212527,"2014","U","EXCHANGE STREET","U0620","95GG390015"
"A103527","Police Service of Northern Ireland",3,1,1,2014-05-21,"WED",14:45:00,333738,373962,"Belfast City",13,30,NA,NA,NA,NA,NA,NA,NA,NA,NA,NA,"URBAN",-5.93155381325919,54.5961971654636,"2014","A","DONEGALL PLACE","A0006","95GG390015"
"A103644","Police Service of Northern Ireland",3,2,2,2014-05-29,"THU",11:04:00,333838,373941,"Belfast City",2,30,NA,NA,NA,NA,NA,NA,NA,NA,NA,NA,"URBAN",-5.93001730066312,54.5959822010288,"2014","U","DUNBAR STREET","U0620","95GG390015"
"A103747","Police Service of Northern Ireland",3,1,1,2014-06-04,"WED",09:00:00,333748,373953,"Belfast City",13,30,NA,NA,NA,NA,NA,NA,NA,NA,NA,NA,"URBAN",-5.93140330253083,54.596113726866,"2014","A","DONEGALL PLACE","A0006","95GG390015"
"A103779","Police Service of Northern Ireland",2,2,1,2014-06-05,"THU",17:26:00,334377,374147,"Belfast City",2,30,1,1,1,12,1,1,1,1,1,2,"URBAN",-5.92158978662155,54.597688639819,"2014","A","WARING STREET",NA,"95GG390013"
"A103938","Police Service of Northern Ireland",3,1,1,2014-06-13,"FRI",13:30:00,333752,373947,"Belfast City",2,30,NA,NA,NA,NA,NA,NA,NA,NA,NA,NA,"URBAN",-5.93134419105913,54.5960588059759,"2014","A","DONEGALL PLACE","A0006","95GG390015"
"A104243","Police Service of Northern Ireland",3,1,1,2014-06-30,"MON",09:40:00,333786,374292,"Belfast City",13,30,NA,NA,NA,NA,NA,NA,NA,NA,NA,NA,"URBAN",-5.93066140293138,54.5991469661585,"2014","U","CHURCH LANE","U0624","95GG210002"
"A104308","Police Service of Northern Ireland",3,2,2,2014-07-03,"THU",19:15:00,333514,374697,"Belfast City",13,30,NA,NA,NA,NA,NA,NA,NA,NA,NA,NA,"URBAN",-5.93468294090996,54.6028546141603,"2014","A","MAY STREET","A0020","95GG350004"
"A104334","Police Service of Northern Ireland",3,1,1,2014-07-05,"SAT",03:30:00,333833,374083,"Belfast City",2,30,NA,NA,NA,NA,NA,NA,NA,NA,NA,NA,"URBAN",-5.93002991459178,54.5972582919484,"2014","A","DONEGALL SQUARE SOUTH","A0020","95GG390015"
"A104372","Police Service of Northern Ireland",3,2,1,2014-07-08,"TUE",08:30:00,333493,374713,"Belfast City",13,30,NA,NA,NA,NA,NA,NA,NA,NA,NA,NA,"URBAN",-5.93500039823951,54.603003792771,"2014","A","MAY STREET","A0020","95GG350004"
"A104377","Police Service of Northern Ireland",3,1,1,2014-07-08,"TUE",12:40:00,333766,374715,"Belfast City",13,30,NA,NA,NA,NA,NA,NA,NA,NA,NA,NA,"URBAN",-5.93077798315245,54.6029496271829,"2014","U","SEYMOUR ROW","U0624","95GG200003"
"A104616","Police Service of Northern Ireland",3,1,1,2014-07-24,"THU",18:17:00,333802,374295,"Belfast City",13,30,NA,NA,NA,NA,NA,NA,NA,NA,NA,NA,"URBAN",-5.93041264573858,54.5991696664535,"2014","U","CHURCH LANE","U0624","95GG210002"
"A104678","Police Service of Northern Ireland",3,2,1,2014-07-28,"MON",18:20:00,334049,375222,"Belfast City",11,30,NA,NA,NA,NA,NA,NA,NA,NA,NA,NA,"URBAN",-5.92617039983212,54.6074261543036,"2014","A","YORK STREET","A0002","95GG350001"
"A104750","Police Service of Northern Ireland",3,1,1,2014-08-02,"SAT",20:19:00,333747,374850,"Belfast City",13,30,NA,NA,NA,NA,NA,NA,NA,NA,NA,NA,"URBAN",-5.93101029960565,54.6041665782956,"2014","A","DONEGALL SQUARE NORTH","A0001","95GG350004"
"A104766","Police Service of Northern Ireland",3,1,1,2014-08-04,"MON",12:30:00,333764,374460,"Belfast City",13,30,NA,NA,NA,NA,NA,NA,NA,NA,NA,NA,"URBAN",-5.93092505494374,54.600660960208,"2014","U","ROSEMARY STREET","U0620","95GG210002"
"A104795","Police Service of Northern Ireland",3,2,1,2014-08-05,"TUE",16:45:00,334040,375196,"Belfast City",13,30,NA,NA,NA,NA,NA,NA,NA,NA,NA,NA,"URBAN",-5.92632145561183,54.6071951323411,"2014","A","CHICHESTER STREET","A0020","95GG350003"
"A104805","Police Service of Northern Ireland",3,2,3,2014-08-06,"WED",12:00:00,334359,374361,"Belfast City",13,30,NA,NA,NA,NA,NA,NA,NA,NA,NA,NA,"URBAN",-5.92177020426006,54.5996145394259,"2014","U","BERRY STREET","U0621","95GG200003"
"A105068","Police Service of Northern Ireland",3,1,1,2014-08-25,"MON",01:35:00,333981,374103,"Belfast City",13,30,NA,NA,NA,NA,NA,NA,NA,NA,NA,NA,"URBAN",-5.92773253899578,54.597398665508,"2014","U","ANN STREET","U0624","95GG390015"
"A105096","Police Service of Northern Ireland",3,2,1,2014-08-26,"TUE",19:05:00,334055,374109,"Belfast City",2,30,NA,NA,NA,NA,NA,NA,NA,NA,NA,NA,"URBAN",-5.92658567104339,54.5974329269958,"2014","A","YORK STREET","A0002","95GG390015"
"A105304","Police Service of Northern Ireland",3,1,1,2014-09-09,"TUE",08:20:00,333844,373943,"Belfast City",13,30,NA,NA,NA,NA,NA,NA,NA,NA,NA,NA,"URBAN",-5.92992362524526,54.5959985683555,"2014","A","DONEGALL PLACE","A0006","95GG390015"
"A105350","Police Service of Northern Ireland",3,2,1,2014-09-10,"WED",22:25:00,333536,373910,"Belfast City",13,30,NA,NA,NA,NA,NA,NA,NA,NA,NA,NA,"URBAN",-5.93470053703546,54.5957837008143,"2014","A","HIGH STREET","A0501","95GG390012"
"A105393","Police Service of Northern Ireland",3,2,3,2014-09-13,"SAT",14:00:00,333592,374603,"Belfast City",2,30,NA,NA,NA,NA,NA,NA,NA,NA,NA,NA,"URBAN",-5.93351956044305,54.6019901585661,"2014","U","UPPER ARTHUR STREET","U0624","95GG400007"
"A105566","Police Service of Northern Ireland",3,2,1,2014-09-26,"FRI",15:27:00,334360,374356,"Belfast City",13,30,NA,NA,NA,NA,NA,NA,NA,NA,NA,NA,"URBAN",-5.92175702944393,54.5995693878884,"2014","U","BERRY STREET","U0621","95GG200003"
"A105931","Police Service of Northern Ireland",3,2,2,2014-10-16,"THU",16:01:00,333930,374462,"Belfast City",13,30,NA,NA,NA,NA,NA,NA,NA,NA,NA,NA,"URBAN",-5.92835737279222,54.6006349938251,"2014","U","LOWER GARFIELD STREET","U0620","95GG200003"
"A106092","Police Service of Northern Ireland",3,1,1,2014-10-26,"SUN",15:45:00,333793,374781,"Belfast City",13,30,NA,NA,NA,NA,NA,NA,NA,NA,NA,NA,"URBAN",-5.9303304023526,54.603534983846,"2014","U","DONEGALL STREET","U0620","95GG350004"
"A106190","Police Service of Northern Ireland",3,2,1,2014-11-02,"SUN",02:43:00,333806,374762,"Belfast City",13,30,NA,NA,NA,NA,NA,NA,NA,NA,NA,NA,"URBAN",-5.93013803343666,54.603360977708,"2014","A","YORK STREET","A0002","95GG200003"
"A106306","Police Service of Northern Ireland",3,1,1,2014-11-07,"FRI",18:35:00,334071,373965,"Belfast City",13,30,NA,NA,NA,NA,NA,NA,NA,NA,NA,NA,"URBAN",-5.92640400950144,54.5961359675546,"2014","U","LOMOND STREET","U0826","95GG390015"
"A106324","Police Service of Northern Ireland",3,2,1,2014-11-08,"SAT",22:39:00,334200,375484,"Belfast City",13,30,NA,NA,NA,NA,NA,NA,NA,NA,NA,NA,"URBAN",-5.92371541436035,54.6097381327884,"2014","A","YORK STREET","A0002","95GG200003"
"A106340","Police Service of Northern Ireland",3,1,1,2014-11-10,"MON",13:00:00,333675,374633,"Belfast City",13,30,NA,NA,NA,NA,NA,NA,NA,NA,NA,NA,"URBAN",-5.93222247531508,54.6022375494726,"2014","A","MAY STREET","A0020","95GG350004"
"A106366","Police Service of Northern Ireland",3,2,1,2014-11-11,"TUE",18:00:00,334240,373982,"Belfast City",13,30,NA,NA,NA,NA,NA,NA,NA,NA,NA,NA,"URBAN",-5.92378338132486,54.5962437698874,"2014","A","MAY STREET","A0020","95GG390011"
"A106433","Police Service of Northern Ireland",3,3,3,2014-11-14,"FRI",11:56:00,334355,373997,"Belfast City",13,30,NA,NA,NA,NA,NA,NA,NA,NA,NA,NA,"URBAN",-5.92199853701212,54.5963479032983,"2014","A","MAY STREET","A0020","95GG390013"
"A106468","Police Service of Northern Ireland",3,3,5,2014-11-15,"SAT",21:20:00,334182,374480,"Belfast City",13,30,NA,NA,NA,NA,NA,NA,NA,NA,NA,NA,"URBAN",-5.92445261818419,54.6007298044859,"2014","U","NORTH STREET","U0620","95GG200003"
"A106503","Police Service of Northern Ireland",3,2,1,2014-11-17,"MON",23:34:00,333992,375105,"Belfast City",2,30,NA,NA,NA,NA,NA,NA,NA,NA,NA,NA,"URBAN",-5.92710530342755,54.6063909253521,"2014","A","YORK STREET","A0002","95GG200003"
"A106601","Police Service of Northern Ireland",3,2,1,2014-11-24,"MON",12:00:00,333995,373960,"Belfast City",2,30,NA,NA,NA,NA,NA,NA,NA,NA,NA,NA,"URBAN",-5.9275813064407,54.5961112143632,"2014","B","NORTH STREET","B0010","95GG390015"
"A106605","Police Service of Northern Ireland",3,1,1,2014-11-24,"MON",16:25:00,333628,374264,"Belfast City",2,30,NA,NA,NA,NA,NA,NA,NA,NA,NA,NA,"URBAN",-5.93311712677286,54.5989373611956,"2014","U","ROSEMARY STREET","U0620","95GG210002"
"A106645","Police Service of Northern Ireland",3,1,1,2014-11-26,"WED",12:25:00,333926,374570,"Belfast City",13,30,NA,NA,NA,NA,NA,NA,NA,NA,NA,NA,"URBAN",-5.92836997426838,54.6016055931723,"2014","A","DONEGALL STREET","A0006","95GG200003"
"A106683","Police Service of Northern Ireland",3,1,1,2014-11-28,"FRI",00:35:00,333746,374075,"Belfast City",13,30,NA,NA,NA,NA,NA,NA,NA,NA,NA,NA,"URBAN",-5.93137868165361,54.597209479977,"2014","U","DONEGALL STREET","U0620","95GG390015"
"A106769","Police Service of Northern Ireland",3,1,1,2014-12-02,"TUE",12:36:00,333735,374066,"Belfast City",13,30,NA,NA,NA,NA,NA,NA,NA,NA,NA,NA,"URBAN",-5.93155285192464,54.5971315924669,"2014","A","DONEGALL SQUARE SOUTH","A0020","95GG390015"
"A106787","Police Service of Northern Ireland",3,2,1,2014-12-02,"TUE",21:30:00,333619,374097,"Belfast City",2,30,NA,NA,NA,NA,NA,NA,NA,NA,NA,NA,"URBAN",-5.93333224784921,54.5974405362665,"2014","U","ROSEMARY STREET","U0620","95GG390015"
"A107012","Police Service of Northern Ireland",3,2,1,2014-12-13,"SAT",20:29:00,333754,373936,"Belfast City",13,30,NA,NA,NA,NA,NA,NA,NA,NA,NA,NA,"URBAN",-5.93131827757752,54.5959595275213,"2014","A","DONEGALL SQUARE EAST","A0001","95GG390015"
"A107095","Police Service of Northern Ireland",3,2,1,2014-12-18,"THU",09:45:00,333535,374064,"Belfast City",13,30,NA,NA,NA,NA,NA,NA,NA,NA,NA,NA,"URBAN",-5.93464599818499,54.5971664640404,"2014","U","UPPER ARTHUR STREET","U0624","95GG390015"
"A107096","Police Service of Northern Ireland",3,1,1,2014-12-18,"THU",11:54:00,333586,374510,"Belfast City",13,30,NA,NA,NA,NA,NA,NA,NA,NA,NA,NA,"URBAN",-5.93365464040177,54.6011568583995,"2014","U","FOUNTAIN STREET","U0624","95GG400007"
"A107120","Police Service of Northern Ireland",3,1,1,2014-12-19,"FRI",11:05:00,333822,374125,"Belfast City",13,30,NA,NA,NA,NA,NA,NA,NA,NA,NA,NA,"URBAN",-5.93018085478556,54.5976382457163,"2014","A","DONEGALL SQUARE EAST","A0001","95GG390015"
"A107178","Police Service of Northern Ireland",3,2,3,2014-12-22,"MON",02:15:00,333488,374707,"Belfast City",13,30,NA,NA,NA,NA,NA,NA,NA,NA,NA,NA,"URBAN",-5.93508044272173,54.6029512487147,"2014","A","MAY STREET","A0020","95GG350004"
"A107195","Police Service of Northern Ireland",3,1,1,2014-12-22,"MON",16:42:00,333898,374920,"Belfast City",13,30,NA,NA,NA,NA,NA,NA,NA,NA,NA,NA,"URBAN",-5.92864334545723,54.6047550339307,"2014","A","CHICHESTER STREET","A0020","95GG200003"
"A107371","Police Service of Northern Ireland",3,2,3,2015-01-04,"SUN",14:07:00,333615,374658,"Belfast City",13,30,NA,NA,NA,NA,NA,NA,NA,NA,NA,NA,"URBAN",-5.93313888738526,54.6024778327216,"2015","U","MARQUIS STREET","U0621","95GG350004"
"A107413","Police Service of Northern Ireland",3,2,1,2015-01-07,"WED",07:30:00,333640,374998,"Belfast City",13,30,NA,NA,NA,NA,NA,NA,NA,NA,NA,NA,"URBAN",-5.93259757003454,54.6055234920581,"2015","U","DONEGALL STREET","U0620","95GG350005"
"A107452","Police Service of Northern Ireland",3,2,1,2015-01-09,"FRI",19:30:00,333466,374524,"Belfast City",13,30,NA,NA,NA,NA,NA,NA,NA,NA,NA,NA,"URBAN",-5.93550380476967,54.6013142146062,"2015","U","TALBOT STREET","U0620","95GG400007"
"A107521","Police Service of Northern Ireland",3,2,2,2015-01-14,"WED",16:34:00,334205,375489,"Belfast City",13,30,NA,NA,NA,NA,NA,NA,NA,NA,NA,NA,"URBAN",-5.92363579907837,54.6097816918437,"2015","A","YORK STREET","A0002","95GG200003"
"A107530","Police Service of Northern Ireland",3,2,1,2015-01-14,"WED",20:05:00,333543,373914,"Belfast City",13,30,NA,NA,NA,NA,NA,NA,NA,NA,NA,NA,"URBAN",-5.93459049407357,54.5958177623899,"2015","A","HIGH STREET","A0501","95GG390015"
"A107535","Police Service of Northern Ireland",3,1,2,2015-01-15,"THU",11:18:00,334158,374476,"Belfast City",13,30,NA,NA,NA,NA,NA,NA,NA,NA,NA,NA,"URBAN",-5.92482554429029,54.6007002610063,"2015","U","NORTH STREET","U0620","95GG200003"
"A107743","Police Service of Northern Ireland",3,1,1,2015-01-28,"WED",12:31:00,333806,374312,"Belfast City",13,30,NA,NA,NA,NA,NA,NA,NA,NA,NA,NA,"URBAN",-5.93034305383615,54.5993212215896,"2015","U","ROSEMARY STREET","U0620","95GG210002"
"A107825","Police Service of Northern Ireland",3,2,3,2015-02-01,"SUN",16:00:00,333961,374356,"Belfast City",13,30,NA,NA,NA,NA,NA,NA,NA,NA,NA,NA,"URBAN",-5.92792638285292,54.5996751999291,"2015","A","HIGH STREET","A0501","95GG210002"
"A107902","Police Service of Northern Ireland",3,1,1,2015-02-05,"THU",18:15:00,333736,374067,"Belfast City",2,30,NA,NA,NA,NA,NA,NA,NA,NA,NA,NA,"URBAN",-5.93153693551917,54.5971403053874,"2015","A","DONEGALL SQUARE SOUTH","A0020","95GG390015"
"A107913","Police Service of Northern Ireland",3,2,1,2015-02-06,"FRI",11:13:00,333911,374965,"Belfast City",13,30,NA,NA,NA,NA,NA,NA,NA,NA,NA,NA,"URBAN",-5.92842179052963,54.6051555672574,"2015","A","YORK STREET","A0002","95GG350003"
"A108007","Police Service of Northern Ireland",3,2,1,2015-02-11,"WED",15:30:00,334084,374435,"Belfast City",13,30,NA,NA,NA,NA,NA,NA,NA,NA,NA,NA,"URBAN",-5.92598848356502,54.6003518145748,"2015","A","HOWARD STREET","A0001","95GG200003"
"A108033","Police Service of Northern Ireland",3,1,2,2015-02-12,"THU",14:15:00,333652,374394,"Belfast City",13,30,NA,NA,NA,NA,NA,NA,NA,NA,NA,NA,"URBAN",-5.93268688888598,54.6000980642457,"2015","U","BERRY STREET","U0621","95GG210002"
"A108106","Police Service of Northern Ireland",3,1,1,2015-02-17,"TUE",17:20:00,333794,374351,"Belfast City",13,30,NA,NA,NA,NA,NA,NA,NA,NA,NA,NA,"URBAN",-5.93051083276205,54.5996745076873,"2015","U","SEYMOUR LANE","U0624","95GG210002"
"A108149","Police Service of Northern Ireland",3,2,1,2015-02-20,"FRI",14:05:00,334236,373976,"Belfast City",13,30,NA,NA,NA,NA,NA,NA,NA,NA,NA,NA,"URBAN",-5.92384796584675,54.5961909678977,"2015","A","MAY STREET","A0020","95GG390011"
"A108168","Police Service of Northern Ireland",3,2,3,2015-02-21,"SAT",12:36:00,333621,374656,"Belfast City",13,30,NA,NA,NA,NA,NA,NA,NA,NA,NA,NA,"URBAN",-5.93304701818491,54.6024582933303,"2015","A","MAY STREET","A0020","95GG350004"
"A108240","Police Service of Northern Ireland",3,2,1,2015-02-24,"TUE",18:30:00,334043,375185,"Belfast City",13,30,NA,NA,NA,NA,NA,NA,NA,NA,NA,NA,"URBAN",-5.92628008311949,54.6070955879948,"2015","A","CHICHESTER STREET","A0020","95GG200003"
"A108295","Police Service of Northern Ireland",3,2,2,2015-02-28,"SAT",00:25:00,333949,374468,"Belfast City",13,30,NA,NA,NA,NA,NA,NA,NA,NA,NA,NA,"URBAN",-5.92806084974897,54.6006838266159,"2015","A","YORK STREET","A0002","95GG200003"
"A108298","Police Service of Northern Ireland",3,2,1,2015-02-28,"SAT",05:24:00,333991,375109,"Belfast City",13,30,NA,NA,NA,NA,NA,NA,NA,NA,NA,NA,"URBAN",-5.92711894256241,54.6064270991193,"2015","A","CHICHESTER STREET","A0020","95GG350003"
"A108419","Police Service of Northern Ireland",3,2,2,2015-03-05,"THU",21:30:00,333802,374761,"Belfast City",13,30,NA,NA,NA,NA,NA,NA,NA,NA,NA,NA,"URBAN",-5.93020034311052,54.6033530585746,"2015","A","ROYAL AVENUE","A0006","95GG200003"
"A108460","Police Service of Northern Ireland",3,2,1,2015-03-09,"MON",09:10:00,333539,374058,"Belfast City",13,30,NA,NA,NA,NA,NA,NA,NA,NA,NA,NA,"URBAN",-5.93458688081839,54.5971115446925,"2015","U","UPPER ARTHUR STREET","U0624","95GG390015"
"A108517","Police Service of Northern Ireland",3,1,1,2015-03-12,"THU",15:00:00,333515,374694,"Belfast City",13,30,NA,NA,NA,NA,NA,NA,NA,NA,NA,NA,"URBAN",-5.93466884150671,54.6028274184367,"2015","A","MAY STREET","A0020","95GG400007"
"A108554","Police Service of Northern Ireland",3,2,1,2015-03-14,"SAT",21:45:00,334046,375188,"Belfast City",13,40,NA,NA,NA,NA,NA,NA,NA,NA,NA,NA,"URBAN",-5.92623231872729,54.6071217244985,"2015","A","CHICHESTER STREET","A0020","95GG200003"
"A108699","Police Service of Northern Ireland",3,1,1,2015-03-23,"MON",20:25:00,333612,374660,"Belfast City",13,30,NA,NA,NA,NA,NA,NA,NA,NA,NA,NA,"URBAN",-5.93318436704647,54.6024965796422,"2015","U","MARQUIS STREET","U0621","95GG350004"
"A108740","Police Service of Northern Ireland",3,2,3,2015-03-26,"THU",10:30:00,333839,373942,"Belfast City",2,30,NA,NA,NA,NA,NA,NA,NA,NA,NA,NA,"URBAN",-5.93000138438961,54.59599091375,"2015","U","DUNBAR STREET","U0620","95GG390015"
"A108795","Police Service of Northern Ireland",3,1,1,2015-03-29,"SUN",15:33:00,333622,374065,"Belfast City",13,30,NA,NA,NA,NA,NA,NA,NA,NA,NA,NA,"URBAN",-5.9333004195317,54.5971524716601,"2015","U","WINETAVERN STREET","U0621","95GG390015"
"A108865","Police Service of Northern Ireland",3,1,1,2015-04-02,"THU",14:40:00,333740,374039,"Belfast City",13,30,NA,NA,NA,NA,NA,NA,NA,NA,NA,NA,"URBAN",-5.93148783801145,54.5968878850712,"2015","U","DONEGALL STREET","U0620","95GG390015"
"A108886","Police Service of Northern Ireland",3,1,2,2015-04-04,"SAT",11:47:00,333631,374283,"Belfast City",13,30,NA,NA,NA,NA,NA,NA,NA,NA,NA,NA,"URBAN",-5.93306209732866,54.5991071366352,"2015","U","ROSEMARY STREET","U0620","95GG210002"
"A108933","Police Service of Northern Ireland",3,1,1,2015-04-07,"TUE",10:15:00,333746,374680,"Belfast City",13,30,NA,NA,NA,NA,NA,NA,NA,NA,NA,NA,"URBAN",-5.93110319065813,54.6026407123548,"2015","U","SKIPPER STREET","U0620","95GG200003"
"A109045","Police Service of Northern Ireland",3,1,1,2015-04-14,"TUE",21:40:00,333531,374297,"Belfast City",2,30,NA,NA,NA,NA,NA,NA,NA,NA,NA,NA,"URBAN",-5.93460192648905,54.5992592226126,"2015","U","CURTIS STREET","U0620","95GG210002"
"A109144","Police Service of Northern Ireland",3,2,1,2015-04-20,"MON",22:04:00,333996,375108,"Belfast City",13,30,NA,NA,NA,NA,NA,NA,NA,NA,NA,NA,"URBAN",-5.9270420757577,54.606416797263,"2015","A","CHICHESTER STREET","A0020","95GG200003"
"A109276","Police Service of Northern Ireland",3,1,1,2015-04-28,"TUE",10:19:00,333817,374146,"Belfast City",2,30,NA,NA,NA,NA,NA,NA,NA,NA,NA,NA,"URBAN",-5.93024859519868,54.5978280902822,"2015","A","DONEGALL SQUARE EAST","A0001","95GG390015"
"A109392","Police Service of Northern Ireland",3,2,2,2015-05-04,"MON",22:31:00,333636,374995,"Belfast City",13,30,NA,NA,NA,NA,NA,NA,NA,NA,NA,NA,"URBAN",-5.93266079285493,54.6054976171989,"2015","U","DONEGALL STREET","U0620","95GG350005"
"A109421","Police Service of Northern Ireland",3,2,1,2015-05-06,"WED",19:59:00,333758,373934,"Belfast City",13,30,NA,NA,NA,NA,NA,NA,NA,NA,NA,NA,"URBAN",-5.93125734529562,54.5959405155899,"2015","A","DONEGALL SQUARE EAST","A0001","95GG390015"
"A109430","Police Service of Northern Ireland",3,1,1,2015-05-07,"THU",13:55:00,333819,374303,"Belfast City",13,30,NA,NA,NA,NA,NA,NA,NA,NA,NA,NA,"URBAN",-5.93014614842586,54.5992369879141,"2015","U","CASTLE LANE","U0624","95GG210002"
"A109463","Police Service of Northern Ireland",3,1,2,2015-05-09,"SAT",11:30:00,333834,374086,"Belfast City",13,30,NA,NA,NA,NA,NA,NA,NA,NA,NA,NA,"URBAN",-5.93001308665113,54.5972849591464,"2015","A","DONEGALL SQUARE SOUTH","A0020","95GG390015"
"A109751","Police Service of Northern Ireland",3,1,1,2015-05-29,"FRI",02:36:00,333547,374056,"Belfast City",13,30,NA,NA,NA,NA,NA,NA,NA,NA,NA,NA,"URBAN",-5.93446410056718,54.5970914785744,"2015","U","UPPER ARTHUR STREET","U0624","95GG390015"
"A109846","Police Service of Northern Ireland",3,1,1,2015-06-04,"THU",10:45:00,333974,374209,"Belfast City",2,30,NA,NA,NA,NA,NA,NA,NA,NA,NA,NA,"URBAN",-5.92779242353801,54.598352105264,"2015","U","ANN STREET","U0624","95GG390015"
"A109897","Police Service of Northern Ireland",3,1,1,2015-06-06,"SAT",22:20:00,333995,373968,"Belfast City",13,30,NA,NA,NA,NA,NA,NA,NA,NA,NA,NA,"URBAN",-5.92757765764987,54.596183032191,"2015","U","WELLINGTON STREET","U0624","95GG390015"
"A109980","Police Service of Northern Ireland",3,2,1,2015-06-11,"THU",17:00:00,334069,373975,"Belfast City",2,30,NA,NA,NA,NA,NA,NA,NA,NA,NA,NA,"URBAN",-5.92643036745157,54.5962262697343,"2015","A","MAY STREET","A0020","95GG390015"
"A110190","Police Service of Northern Ireland",2,1,1,2015-06-23,"TUE",12:56:00,334201,375756,"Belfast City",13,30,12,7,1,1,2,1,1,1,1,1,"URBAN",-5.923575585834,54.6121796614629,"2015","A","YORK STREET","A0002","95GG200003"
"A110193","Police Service of Northern Ireland",3,2,1,2015-06-23,"TUE",14:35:00,333823,374104,"Belfast City",2,30,NA,NA,NA,NA,NA,NA,NA,NA,NA,NA,"URBAN",-5.93017496004948,54.5974494591477,"2015","A","DONEGALL SQUARE EAST","A0001","95GG390015"
"A110290","Police Service of Northern Ireland",3,2,1,2015-06-29,"MON",14:37:00,333900,374941,"Belfast City",2,30,NA,NA,NA,NA,NA,NA,NA,NA,NA,NA,"URBAN",-5.9286028410143,54.6049430261263,"2015","A","YORK STREET","A0002","95GG200003"
"A110401","Police Service of Northern Ireland",3,2,1,2015-07-06,"MON",17:15:00,333600,374065,"Belfast City",2,30,NA,NA,NA,NA,NA,NA,NA,NA,NA,NA,"URBAN",-5.93364056567445,54.5971582814879,"2015","U","UPPER ARTHUR STREET","U0624","95GG390015"
"A110418","Police Service of Northern Ireland",3,2,1,2015-07-07,"TUE",16:51:00,333748,374849,"Belfast City",13,30,NA,NA,NA,NA,NA,NA,NA,NA,NA,NA,"URBAN",-5.93099529126724,54.6041573366387,"2015","U","DONEGALL STREET","U0620","95GG350004"
"A110438","Police Service of Northern Ireland",3,2,1,2015-07-08,"WED",16:19:00,334020,374105,"Belfast City",2,30,NA,NA,NA,NA,NA,NA,NA,NA,NA,NA,"URBAN",-5.92712863899469,54.5974062906048,"2015","A","YORK STREET","A0002","95GG390015"
"A110478","Police Service of Northern Ireland",3,1,1,2015-07-11,"SAT",21:45:00,333528,374402,"Belfast City",13,30,NA,NA,NA,NA,NA,NA,NA,NA,NA,NA,"URBAN",-5.93460057848446,54.6002026270591,"2015","U","GLOUCESTER STREET","U0624","95GG210002"
"A110523","Police Service of Northern Ireland",3,1,1,2015-07-16,"THU",13:55:00,333625,374041,"Belfast City",13,30,NA,NA,NA,NA,NA,NA,NA,NA,NA,NA,"URBAN",-5.93326495272695,54.596936225113,"2015","U","WINETAVERN STREET","U0621","95GG390015"
"A110563","Police Service of Northern Ireland",3,2,2,2015-07-19,"SUN",00:39:00,333637,374991,"Belfast City",13,30,NA,NA,NA,NA,NA,NA,NA,NA,NA,NA,"URBAN",-5.93264714907833,54.6054614440114,"2015","U","DONEGALL STREET","U0620","95GG350005"
"A110585","Police Service of Northern Ireland",3,1,1,2015-07-21,"TUE",10:55:00,333750,373949,"Belfast City",13,30,NA,NA,NA,NA,NA,NA,NA,NA,NA,NA,"URBAN",-5.93137420203841,54.5960772891744,"2015","A","DONEGALL PLACE","A0006","95GG390015"
"A110652","Police Service of Northern Ireland",3,2,3,2015-07-26,"SUN",01:15:00,333880,374636,"Belfast City",13,30,NA,NA,NA,NA,NA,NA,NA,NA,NA,NA,"URBAN",-5.92905117712034,54.6022102666011,"2015","A","DONEGALL STREET","A0006","95GG200003"
"A110769","Police Service of Northern Ireland",3,1,1,2015-08-02,"SUN",02:48:00,334209,374126,"Belfast City",2,30,NA,NA,NA,NA,NA,NA,NA,NA,NA,NA,"URBAN",-5.92419687849421,54.5975447117745,"2015","A","YORK STREET","A0002","95GG390015"
"A110797","Police Service of Northern Ireland",3,1,1,2015-08-03,"MON",17:25:00,333523,374298,"Belfast City",13,30,NA,NA,NA,NA,NA,NA,NA,NA,NA,NA,"URBAN",-5.93472516788847,54.5992703113768,"2015","U","MONTGOMERY STREET","U0624","95GG210002"
"A111038","Police Service of Northern Ireland",3,1,1,2015-08-18,"TUE",17:30:00,333645,374362,"Belfast City",13,30,NA,NA,NA,NA,NA,NA,NA,NA,NA,NA,"URBAN",-5.93280968541046,54.5998126414693,"2015","U","COLLEGE STREET","U0624","95GG210002"
"A111224","Police Service of Northern Ireland",3,2,1,2015-08-30,"SUN",23:07:00,333992,375114,"Belfast City",13,30,NA,NA,NA,NA,NA,NA,NA,NA,NA,NA,"URBAN",-5.92710119603652,54.606471720246,"2015","A","CHICHESTER STREET","A0020","95GG350003"
"A111236","Police Service of Northern Ireland",3,2,2,2015-08-31,"MON",16:20:00,333537,373912,"Belfast City",13,30,NA,NA,NA,NA,NA,NA,NA,NA,NA,NA,"URBAN",-5.93468416729457,54.5958013914303,"2015","A","HIGH STREET","A0501","95GG390015"
"A111410","Police Service of Northern Ireland",3,1,1,2015-09-11,"FRI",18:49:00,333526,374311,"Belfast City",13,30,NA,NA,NA,NA,NA,NA,NA,NA,NA,NA,"URBAN",-5.93467287219608,54.59938622401,"2015","U","MONTGOMERY STREET","U0624","95GG210002"
"A111431","Police Service of Northern Ireland",3,2,1,2015-09-12,"SAT",22:05:00,333994,375113,"Belfast City",13,30,NA,NA,NA,NA,NA,NA,NA,NA,NA,NA,"URBAN",-5.92707072310894,54.6064622131784,"2015","A","CHICHESTER STREET","A0020","95GG200003"
"A111449","Police Service of Northern Ireland",2,2,3,2015-09-14,"MON",15:30:00,333904,374943,"Belfast City",2,30,8,3,1,11,1,1,1,2,1,1,"URBAN",-5.92854007257862,54.6049599216322,"2015","A","YORK STREET","A0002","95GG200003"
"A111546","Police Service of Northern Ireland",3,2,2,2015-09-20,"SUN",02:44:00,333998,375115,"Belfast City",13,30,NA,NA,NA,NA,NA,NA,NA,NA,NA,NA,"URBAN",-5.92700795170461,54.60647910786,"2015","A","CHICHESTER STREET","A0020","95GG200003"
"A111622","Police Service of Northern Ireland",3,2,1,2015-09-23,"WED",13:50:00,333998,375111,"Belfast City",2,30,NA,NA,NA,NA,NA,NA,NA,NA,NA,NA,"URBAN",-5.92700977729681,54.6064431990206,"2015","A","CHICHESTER STREET","A0020","95GG200003"
"A111907","Police Service of Northern Ireland",3,2,1,2015-10-09,"FRI",19:11:00,333705,374622,"Belfast City",13,30,NA,NA,NA,NA,NA,NA,NA,NA,NA,NA,"URBAN",-5.9317635904636,54.6021308711423,"2015","A","MAY STREET","A0020","95GG350004"
"A111942","Police Service of Northern Ireland",3,2,1,2015-10-12,"MON",08:55:00,333731,374612,"Belfast City",13,30,NA,NA,NA,NA,NA,NA,NA,NA,NA,NA,"URBAN",-5.93136610473453,54.602034225818,"2015","A","MAY STREET","A0020","95GG200003"
"A112227","Police Service of Northern Ireland",3,1,1,2015-10-28,"WED",14:36:00,333914,374094,"Belfast City",2,30,NA,NA,NA,NA,NA,NA,NA,NA,NA,NA,"URBAN",-5.9287725443177,54.5973356086946,"2015","A","DONEGALL SQUARE SOUTH","A0020","95GG390015"
"A112281","Police Service of Northern Ireland",3,1,1,2015-10-31,"SAT",17:00:00,334154,374327,"Belfast City",13,20,NA,NA,NA,NA,NA,NA,NA,NA,NA,NA,"URBAN",-5.9249554496759,54.5993637178547,"2015","U","COLLEGE COURT","U0624","95GG390015"
"A112355","Police Service of Northern Ireland",3,1,1,2015-11-04,"WED",15:24:00,333976,374105,"Belfast City",2,30,NA,NA,NA,NA,NA,NA,NA,NA,NA,NA,"URBAN",-5.92780893298224,54.5974179440225,"2015","A","WARING STREET","A0002","95GG390015"
"A112361","Police Service of Northern Ireland",3,1,1,2015-11-04,"WED",19:00:00,334398,374005,"Belfast City",2,30,NA,NA,NA,NA,NA,NA,NA,NA,NA,NA,"URBAN",-5.92133006430727,54.5964083005557,"2015","U","MONTGOMERY STREET","U0624","95GG390013"
"A112385","Police Service of Northern Ireland",3,1,1,2015-11-05,"THU",22:45:00,334128,374577,"Belfast City",13,30,NA,NA,NA,NA,NA,NA,NA,NA,NA,NA,"URBAN",-5.92524329190616,54.6016149140714,"2015","A","WARING STREET",NA,"95GG200003"
"A112414","Police Service of Northern Ireland",3,2,3,2015-11-07,"SAT",10:05:00,333993,375111,"Belfast City",13,30,NA,NA,NA,NA,NA,NA,NA,NA,NA,NA,"URBAN",-5.92708710052311,54.6064445236874,"2015","A","CHICHESTER STREET","A0020","95GG200003"
"A112423","Police Service of Northern Ireland",3,2,1,2015-11-07,"SAT",15:13:00,334214,374619,"Belfast City",13,30,NA,NA,NA,NA,NA,NA,NA,NA,NA,NA,"URBAN",-5.92389429815287,54.6019691463873,"2015","A","CHICHESTER STREET","A0020","95GG200003"
"A112469","Police Service of Northern Ireland",3,2,1,2015-11-10,"TUE",08:20:00,334225,374127,"Belfast City",2,30,NA,NA,NA,NA,NA,NA,NA,NA,NA,NA,"URBAN",-5.92394904168214,54.5975494444285,"2015","A","YORK STREET","A0002","95GG390015"
"A112655","Police Service of Northern Ireland",3,1,1,2015-11-18,"WED",20:45:00,334003,374670,"Belfast City",13,30,NA,NA,NA,NA,NA,NA,NA,NA,NA,NA,"URBAN",-5.92713370842055,54.6024829233848,"2015","U","HILL STREET","U0616","95GG200003"
"A112704","Police Service of Northern Ireland",3,3,1,2015-11-20,"FRI",18:59:00,334020,374107,"Belfast City",2,30,NA,NA,NA,NA,NA,NA,NA,NA,NA,NA,"URBAN",-5.92712772655576,54.5974242450528,"2015","A","YORK STREET","A0002","95GG390015"
"A112722","Police Service of Northern Ireland",3,2,7,2015-11-21,"SAT",18:24:00,333930,373953,"Belfast City",2,30,NA,NA,NA,NA,NA,NA,NA,NA,NA,NA,"URBAN",-5.92858944589964,54.5960655836221,"2015","B","NORTH STREET","B0010","95GG390015"
"A112726","Police Service of Northern Ireland",3,1,1,2015-11-21,"SAT",20:45:00,333797,374350,"Belfast City",13,30,NA,NA,NA,NA,NA,NA,NA,NA,NA,NA,"URBAN",-5.93046490194524,54.5996647370311,"2015","U","SEYMOUR LANE","U0624","95GG210002"
"A112797","Police Service of Northern Ireland",3,2,1,2015-11-25,"WED",11:50:00,333936,374451,"Belfast City",13,30,NA,NA,NA,NA,NA,NA,NA,NA,NA,NA,"URBAN",-5.92826961430163,54.6005346558221,"2015","U","BANK STREET","U0621","95GG210002"
"A112867","Police Service of Northern Ireland",3,2,1,2015-11-28,"SAT",20:00:00,334127,374575,"Belfast City",2,30,NA,NA,NA,NA,NA,NA,NA,NA,NA,NA,"URBAN",-5.9252596681062,54.6015972248043,"2015","A","WARING STREET",NA,"95GG200003"
"A112913","Police Service of Northern Ireland",3,1,1,2015-12-01,"TUE",13:30:00,333720,374169,"Belfast City",13,20,NA,NA,NA,NA,NA,NA,NA,NA,NA,NA,"URBAN",-5.93173788340683,54.5980602139155,"2015","U","EDWARD STREET","U0620","95GG210002"
"A112979","Police Service of Northern Ireland",3,3,3,2015-12-04,"FRI",17:42:00,333994,375114,"Belfast City",13,30,NA,NA,NA,NA,NA,NA,NA,NA,NA,NA,"URBAN",-5.92707026672435,54.6064711903886,"2015","A","CHICHESTER STREET","A0020","95GG350003"
"A113006","Police Service of Northern Ireland",3,1,1,2015-12-06,"SUN",01:58:00,333921,374062,"Belfast City",2,30,NA,NA,NA,NA,NA,NA,NA,NA,NA,NA,"URBAN",-5.92867890388677,54.5970464844009,"2015","U","SAMUEL STREET","U0621","95GG390015"
"A113009","Police Service of Northern Ireland",3,1,1,2015-12-06,"SUN",02:14:00,333518,374142,"Belfast City",13,30,NA,NA,NA,NA,NA,NA,NA,NA,NA,NA,"URBAN",-5.93487338661691,54.597871177508,"2015","U","CLARKES LANE","U0620","95GG390015"
"A113164","Police Service of Northern Ireland",3,2,3,2015-12-13,"SUN",00:38:00,334367,374364,"Belfast City",13,30,NA,NA,NA,NA,NA,NA,NA,NA,NA,NA,"URBAN",-5.9216451358354,54.5996393462487,"2015","U","BERRY STREET","U0621","95GG200003"
"A113219","Police Service of Northern Ireland",3,1,1,2015-12-16,"WED",14:50:00,333994,375116,"Belfast City",13,30,NA,NA,NA,NA,NA,NA,NA,NA,NA,NA,"URBAN",-5.92706935395443,54.606489144809,"2015","A","CHICHESTER STREET","A0020","95GG350003"
"A113390","Police Service of Northern Ireland",3,2,3,2015-12-24,"THU",23:51:00,333538,373911,"Belfast City",13,30,NA,NA,NA,NA,NA,NA,NA,NA,NA,NA,"URBAN",-5.93466916114114,54.5957921502364,"2015","A","HIGH STREET","A0501","95GG390015"
"A113403","Police Service of Northern Ireland",3,2,1,2015-12-26,"SAT",13:30:00,333546,374056,"Belfast City",13,30,NA,NA,NA,NA,NA,NA,NA,NA,NA,NA,"URBAN",-5.93447956174109,54.5970917425294,"2015","U","UPPER ARTHUR STREET","U0624","95GG390015"
"A113404","Police Service of Northern Ireland",3,1,1,2015-12-26,"SAT",15:10:00,333765,374715,"Belfast City",13,30,NA,NA,NA,NA,NA,NA,NA,NA,NA,NA,"URBAN",-5.93079344650998,54.6029498916276,"2015","U","SEYMOUR ROW","U0624","95GG200003"
"A113437","Police Service of Northern Ireland",3,2,3,2015-12-28,"MON",17:58:00,333801,374762,"Belfast City",13,30,NA,NA,NA,NA,NA,NA,NA,NA,NA,NA,"URBAN",-5.93021535097501,54.6033623003271,"2015","U","DONEGALL STREET","U0620","95GG200003"
"A113481","Police Service of Northern Ireland",3,2,1,2016-01-01,"FRI",15:04:00,333838,373942,"Belfast City",2,30,NA,NA,NA,NA,NA,NA,NA,NA,NA,NA,"URBAN",-5.9300168451031,54.5959911782714,"2016","U","DUNBAR STREET","U0620","95GG390015"
"A113613","Police Service of Northern Ireland",3,2,4,2016-01-10,"SUN",02:30:00,333997,375111,"Belfast City",2,30,NA,NA,NA,NA,NA,NA,NA,NA,NA,NA,"URBAN",-5.92702524194157,54.6064434639579,"2016","A","CHICHESTER STREET","A0020","95GG200003"
"A113678","Police Service of Northern Ireland",3,1,2,2016-01-14,"THU",10:05:00,333769,374434,"Belfast City",13,30,NA,NA,NA,NA,NA,NA,NA,NA,NA,NA,"URBAN",-5.93085958425627,54.6004262298332,"2016","U","ROSEMARY STREET","U0620","95GG210002"
"A113694","Police Service of Northern Ireland",3,2,1,2016-01-15,"FRI",11:00:00,334001,373960,"Belfast City",2,30,NA,NA,NA,NA,NA,NA,NA,NA,NA,NA,"URBAN",-5.92748854203344,54.5961096253368,"2016","A","MAY STREET","A0020","95GG390015"
"A113731","Police Service of Northern Ireland",3,2,1,2016-01-17,"SUN",22:30:00,333639,374986,"Belfast City",13,30,NA,NA,NA,NA,NA,NA,NA,NA,NA,NA,"URBAN",-5.93261849615789,54.6054160293614,"2016","U","DONEGALL STREET","U0620","95GG350005"
"A113799","Police Service of Northern Ireland",3,2,1,2016-01-21,"THU",19:38:00,333652,374990,"Belfast City",13,30,NA,NA,NA,NA,NA,NA,NA,NA,NA,NA,"URBAN",-5.93241563938449,54.605448503321,"2016","U","DONEGALL STREET","U0620","95GG350005"
"A113877","Police Service of Northern Ireland",3,2,2,2016-01-27,"WED",12:30:00,333996,373960,"Belfast City",2,30,NA,NA,NA,NA,NA,NA,NA,NA,NA,NA,"URBAN",-5.92756584570553,54.5961109495304,"2016","B","NORTH STREET","B0010","95GG390015"
"A113984","Police Service of Northern Ireland",3,1,1,2016-02-02,"TUE",10:08:00,333937,373957,"Belfast City",2,30,NA,NA,NA,NA,NA,NA,NA,NA,NA,NA,"URBAN",-5.92847939721228,54.5960996395881,"2016","B","NORTH STREET","B0010","95GG390015"
"A114004","Police Service of Northern Ireland",3,2,1,2016-02-03,"WED",13:00:00,334207,374344,"Belfast City",2,30,NA,NA,NA,NA,NA,NA,NA,NA,NA,NA,"URBAN",-5.92412819960578,54.5995022731314,"2016","U","ANN STREET","U0624","95GG200003"
"A114282","Police Service of Northern Ireland",3,1,1,2016-02-17,"WED",09:50:00,333654,374394,"Belfast City",13,30,NA,NA,NA,NA,NA,NA,NA,NA,NA,NA,"URBAN",-5.93265596429546,54.6000975358564,"2016","U","BERRY STREET","U0621","95GG210002"
"A114438","Police Service of Northern Ireland",3,1,1,2016-02-25,"THU",09:43:00,333562,373912,"Belfast City",13,30,NA,NA,NA,NA,NA,NA,NA,NA,NA,NA,"URBAN",-5.93429765019191,54.5957947927209,"2016","A","HIGH STREET","A0501","95GG390015"
"A114593","Police Service of Northern Ireland",3,1,1,2016-03-04,"FRI",17:00:00,333545,374058,"Belfast City",2,20,NA,NA,NA,NA,NA,NA,NA,NA,NA,NA,"URBAN",-5.93449411372742,54.5971099610148,"2016","U","UPPER ARTHUR STREET","U0624","95GG390015"
"A114735","Police Service of Northern Ireland",3,2,1,2016-03-13,"SUN",17:18:00,333841,373942,"Belfast City",13,20,NA,NA,NA,NA,NA,NA,NA,NA,NA,NA,"URBAN",-5.92997046296338,54.5959903847013,"2016","A","DONEGALL PLACE","A0006","95GG390015"
"A114782","Police Service of Northern Ireland",3,2,2,2016-03-16,"WED",12:32:00,334084,373967,"Belfast City",2,30,NA,NA,NA,NA,NA,NA,NA,NA,NA,NA,"URBAN",-5.92620210718834,54.5961504770599,"2016","U","LOWER GARFIELD STREET","U0620","95GG390015"
"A114815","Police Service of Northern Ireland",3,1,2,2016-03-18,"FRI",17:48:00,333755,373944,"Belfast City",13,30,NA,NA,NA,NA,NA,NA,NA,NA,NA,NA,"URBAN",-5.93129917464114,54.5960310811646,"2016","A","DONEGALL PLACE","A0006","95GG390015"
"A115043","Police Service of Northern Ireland",3,2,3,2016-04-04,"MON",15:16:00,334039,375193,"Belfast City",13,30,NA,NA,NA,NA,NA,NA,NA,NA,NA,NA,"URBAN",-5.92633829020855,54.6071684657538,"2016","A","CHICHESTER STREET","A0020","95GG200003"
"A115206","Police Service of Northern Ireland",3,2,1,2016-04-14,"THU",06:55:00,333519,374695,"Belfast City",13,30,NA,NA,NA,NA,NA,NA,NA,NA,NA,NA,"URBAN",-5.93460653344722,54.6028353398859,"2016","A","MAY STREET","A0020","95GG350004"
"A115351","Police Service of Northern Ireland",3,2,3,2016-04-23,"SAT",15:43:00,334063,373967,"Belfast City",2,20,NA,NA,NA,NA,NA,NA,NA,NA,NA,NA,"URBAN",-5.92652678271423,54.5961560417945,"2016","A","MAY STREET","A0020","95GG390015"
"A115391","Police Service of Northern Ireland",3,2,1,2016-04-26,"TUE",13:04:00,333920,373953,"Belfast City",2,20,NA,NA,NA,NA,NA,NA,NA,NA,NA,NA,"URBAN",-5.92874405319084,54.5960682305526,"2016","A","DONEGALL PLACE","A0006","95GG390015"
"A115492","Police Service of Northern Ireland",3,1,1,2016-05-02,"MON",09:49:00,333733,373932,"Belfast City",2,30,NA,NA,NA,NA,NA,NA,NA,NA,NA,NA,"URBAN",-5.93164477343997,54.5959291695144,"2016","A","HIGH STREET","A0501","95GG390015"
"A115711","Police Service of Northern Ireland",3,2,1,2016-05-16,"MON",07:30:00,333535,373966,"Belfast City",13,30,NA,NA,NA,NA,NA,NA,NA,NA,NA,NA,"URBAN",-5.93469054402881,54.5962866917989,"2016","U","UPPER QUEEN STREET","U0624","95GG390012"
"A115915","Police Service of Northern Ireland",2,1,1,2016-05-28,"SAT",12:31:00,333767,374589,"Belfast City",2,20,12,7,1,11,1,1,1,1,1,1,"URBAN",-5.93081991245176,54.6018182308258,"2016","A","MAY STREET","A0020","95GG200003"
"A115991","Police Service of Northern Ireland",3,1,1,2016-06-02,"THU",11:15:00,333808,374309,"Belfast City",13,20,NA,NA,NA,NA,NA,NA,NA,NA,NA,NA,"URBAN",-5.93031349653239,54.5992937608888,"2016","U","ROSEMARY STREET","U0620","95GG210002"
"A116055","Police Service of Northern Ireland",3,1,1,2016-06-05,"SUN",01:00:00,334000,374633,"Belfast City",13,20,NA,NA,NA,NA,NA,NA,NA,NA,NA,NA,"URBAN",-5.92719698053968,54.6021515610739,"2016","U","HILL STREET","U7102","95GG200003"
"A116123","Police Service of Northern Ireland",3,3,2,2016-06-08,"WED",09:55:00,333468,374526,"Belfast City",13,30,NA,NA,NA,NA,NA,NA,NA,NA,NA,NA,"URBAN",-5.9354719703034,54.6013316414595,"2016","U","TALBOT STREET","U0620","95GG400007"
"A116155","Police Service of Northern Ireland",3,2,1,2016-06-09,"THU",18:35:00,334122,374655,"Belfast City",13,30,NA,NA,NA,NA,NA,NA,NA,NA,NA,NA,"URBAN",-5.92530044654292,54.6023167270679,"2016","A","DONEGALL SQUARE NORTH","A0001","95GG200003"
"A116186","Police Service of Northern Ireland",3,1,1,2016-06-11,"SAT",17:25:00,333997,373958,"Belfast City",2,30,NA,NA,NA,NA,NA,NA,NA,NA,NA,NA,"URBAN",-5.92755129717938,54.5960927302389,"2016","B","NORTH STREET","B0010","95GG390015"
"A116262","Police Service of Northern Ireland",3,1,1,2016-06-16,"THU",17:18:00,333824,374083,"Belfast City",2,20,NA,NA,NA,NA,NA,NA,NA,NA,NA,NA,"URBAN",-5.93016906534556,54.5972606725738,"2016","A","DONEGALL SQUARE WEST","A0001","95GG390015"
"A116341","Police Service of Northern Ireland",3,2,2,2016-06-21,"TUE",15:30:00,333712,374075,"Belfast City",2,20,NA,NA,NA,NA,NA,NA,NA,NA,NA,NA,"URBAN",-5.93190436220446,54.59721846675,"2016","A","DONEGALL SQUARE EAST","A0001","95GG390015"
"A116351","Police Service of Northern Ireland",3,1,1,2016-06-22,"WED",10:54:00,333680,373928,"Belfast City",13,20,NA,NA,NA,NA,NA,NA,NA,NA,NA,NA,"URBAN",-5.93246601129336,54.5959072662674,"2016","A","HIGH STREET","A0501","95GG390015"
"A116474","Police Service of Northern Ireland",3,2,1,2016-06-29,"WED",08:58:00,333524,374302,"Belfast City",13,30,NA,NA,NA,NA,NA,NA,NA,NA,NA,NA,"URBAN",-5.9347078875529,54.5993059565029,"2016","U","MONTGOMERY STREET","U0624","95GG210002"
"A116540","Police Service of Northern Ireland",3,2,2,2016-07-03,"SUN",14:48:00,334208,374339,"Belfast City",2,30,NA,NA,NA,NA,NA,NA,NA,NA,NA,NA,"URBAN",-5.92411502220615,54.5994571218275,"2016","U","ANN STREET","U0624","95GG200003"
"A116571","Police Service of Northern Ireland",3,2,1,2016-07-05,"TUE",18:10:00,334198,374122,"Belfast City",2,20,NA,NA,NA,NA,NA,NA,NA,NA,NA,NA,"URBAN",-5.92436877952095,54.5975117207781,"2016","A","YORK STREET","A0002","95GG390015"
"A116625","Police Service of Northern Ireland",3,1,1,2016-07-09,"SAT",10:35:00,333810,374184,"Belfast City",2,20,NA,NA,NA,NA,NA,NA,NA,NA,NA,NA,"URBAN",-5.93033951528704,54.5981710768847,"2016","A","DONEGALL SQUARE EAST","A0001","95GG390015"
"A116646","Police Service of Northern Ireland",3,3,4,2016-07-10,"SUN",16:57:00,334000,375119,"Belfast City",13,30,NA,NA,NA,NA,NA,NA,NA,NA,NA,NA,"URBAN",-5.92697519676525,54.6065144868172,"2016","A","CHICHESTER STREET","A0020","95GG200003"
"A116663","Police Service of Northern Ireland",3,2,1,2016-07-11,"MON",16:30:00,334114,375242,"Belfast City",14,30,NA,NA,NA,NA,NA,NA,NA,NA,NA,NA,"URBAN",-5.92515603833442,54.6075884659237,"2016","A","YORK STREET","A0002","95GG200003"
"A116737","Police Service of Northern Ireland",3,2,5,2016-07-18,"MON",10:25:00,333822,374791,"Belfast City",13,20,NA,NA,NA,NA,NA,NA,NA,NA,NA,NA,"URBAN",-5.92987740160929,54.6036170846824,"2016","A","YORK STREET","A0002","95GG200003"
"A98689","Police Service of Northern Ireland",3,1,1,2013-08-04,"SUN",13:00:00,334119,374398,"Belfast City",13,30,NA,NA,NA,NA,NA,NA,NA,NA,NA,NA,"URBAN",-5.92546419775337,54.6000103798661,"2013","U","COLLEGE COURT","U0624","95GG390015"
"A98719","Police Service of Northern Ireland",3,1,1,2013-08-06,"TUE",17:26:00,334189,375467,"Belfast City",2,30,NA,NA,NA,NA,NA,NA,NA,NA,NA,NA,"URBAN",-5.92389331020497,54.6095884395513,"2013","A","YORK STREET","A0002","95GG350001"
"A98768","Police Service of Northern Ireland",3,1,1,2013-08-10,"SAT",05:50:00,333981,374104,"Belfast City",2,30,NA,NA,NA,NA,NA,NA,NA,NA,NA,NA,"URBAN",-5.9277320829094,54.5974076427355,"2013","U","ANN STREET","U0624","95GG390015"
"A98814","Police Service of Northern Ireland",3,2,1,2013-08-13,"TUE",10:22:00,334039,375197,"Belfast City",13,30,NA,NA,NA,NA,NA,NA,NA,NA,NA,NA,"URBAN",-5.92633646397648,54.6072043745737,"2013","A","CHICHESTER STREET","A0020","95GG350003"
"A99077","Police Service of Northern Ireland",3,2,1,2013-08-30,"FRI",17:10:00,333836,373941,"Belfast City",13,30,NA,NA,NA,NA,NA,NA,NA,NA,NA,NA,"URBAN",-5.93004822208407,54.5959827300655,"2013","U","DUNBAR STREET","U0620","95GG390015"
"A99310","Police Service of Northern Ireland",3,2,2,2013-09-13,"FRI",18:10:00,333901,374940,"Belfast City",2,30,NA,NA,NA,NA,NA,NA,NA,NA,NA,NA,"URBAN",-5.92858783294787,54.6049337841742,"2013","A","YORK STREET","A0002","95GG200003"
"A99382","Police Service of Northern Ireland",3,2,1,2013-09-18,"WED",07:20:00,333532,373972,"Belfast City",13,30,NA,NA,NA,NA,NA,NA,NA,NA,NA,NA,"URBAN",-5.93473419947705,54.596341347176,"2013","U","UPPER QUEEN STREET","U0624","95GG390012"
"A99409","Police Service of Northern Ireland",3,2,2,2013-09-19,"THU",15:35:00,333658,373927,"Belfast City",2,30,NA,NA,NA,NA,NA,NA,NA,NA,NA,NA,"URBAN",-5.93280660182527,54.5959041010926,"2013","A","HIGH STREET","A0501","95GG390015"
"A99423","Police Service of Northern Ireland",3,2,1,2013-09-20,"FRI",14:50:00,333983,374887,"Belfast City",13,30,NA,NA,NA,NA,NA,NA,NA,NA,NA,NA,"URBAN",-5.92734396231521,54.6044362771647,"2013","U","ACADEMY STREET","U0620","95GG200003"
"A99497","Police Service of Northern Ireland",3,1,1,2013-09-26,"THU",12:29:00,334000,374637,"Belfast City",2,30,NA,NA,NA,NA,NA,NA,NA,NA,NA,NA,"URBAN",-5.92719515540135,54.6021874699431,"2013","U","HILL STREET","U7102","95GG200003"
"A99569","Police Service of Northern Ireland",3,2,1,2013-09-30,"MON",11:54:00,333992,374706,"Belfast City",13,30,NA,NA,NA,NA,NA,NA,NA,NA,NA,NA,"URBAN",-5.9272873772837,54.6028090170893,"2013","U","SAMUEL STREET","U0621","95GG200003"
"A99645","Police Service of Northern Ireland",3,2,1,2013-10-04,"FRI",16:19:00,334238,373980,"Belfast City",13,30,NA,NA,NA,NA,NA,NA,NA,NA,NA,NA,"URBAN",-5.92381521667882,54.5962263461041,"2013","A","MAY STREET","A0020","95GG390011"
"A99793","Police Service of Northern Ireland",3,1,1,2013-10-14,"MON",15:35:00,333532,373911,"Belfast City",13,30,NA,NA,NA,NA,NA,NA,NA,NA,NA,NA,"URBAN",-5.9347619252472,54.5957937337544,"2013","A","HIGH STREET","A0501","95GG390012"
"A99819","Police Service of Northern Ireland",3,2,2,2013-10-16,"WED",14:20:00,333697,374926,"Belfast City",13,30,NA,NA,NA,NA,NA,NA,NA,NA,NA,NA,"URBAN",-5.93174888674138,54.6048620670443,"2013","U","DUNBAR STREET","U0620","95GG350004"
"A99929","Police Service of Northern Ireland",3,2,1,2013-10-21,"MON",12:34:00,333987,374889,"Belfast City",13,30,NA,NA,NA,NA,NA,NA,NA,NA,NA,NA,"URBAN",-5.92728119416008,54.6044531720213,"2013","U","ACADEMY STREET","U0620","95GG200003"
"B1117","Police Service of Northern Ireland",3,2,1,2018-03-12,"MON",NA,334099,375300,"Belfast City",13,30,NA,NA,NA,NA,NA,NA,NA,NA,NA,2,"URBAN",-5.92536152097038,54.608113120896,"2018","A","YORK STREET","A0002","95GG200003"
"B1160","Police Service of Northern Ireland",2,2,3,2018-03-14,"WED",NA,333709,374915,"Belfast City",13,30,12,7,1,1,4,5,2,1,1,1,"URBAN",-5.93156832670364,54.604760145348,"2018","U","DUNBAR STREET","U0620","95GG350004"
"B1190","Police Service of Northern Ireland",3,1,1,2018-03-17,"SAT",NA,333819,374139,"Belfast City",13,20,NA,NA,NA,NA,NA,NA,NA,NA,NA,NA,"URBAN",-5.9302208611975,54.5977647205979,"2018","A","DONEGALL SQUARE EAST","A0001","95GG390015"
"B1338","Police Service of Northern Ireland",3,2,2,2018-03-26,"MON",NA,334167,375934,"Belfast City",13,30,NA,NA,NA,NA,NA,NA,NA,NA,NA,NA,"RURAL",-5.92402008277883,54.6137866224098,"2018","A","YORK STREET","A0002","95GG200003"
"B1434","Police Service of Northern Ireland",3,2,1,2018-04-02,"MON",NA,333992,375106,"Belfast City",13,30,NA,NA,NA,NA,NA,NA,NA,NA,NA,NA,"URBAN",-5.92710484705178,54.6063999025626,"2018","A","YORK STREET","A0002","95GG200003"
"B1702","Police Service of Northern Ireland",3,2,1,2018-04-23,"MON",NA,333806,374759,"Belfast City",2,30,NA,NA,NA,NA,NA,NA,NA,NA,NA,NA,"RURAL",-5.93013940040774,54.6033340460112,"2018","U","DONEGALL STREET","U0620","95GG200003"
"B1794","Police Service of Northern Ireland",3,2,2,2018-04-29,"SUN",NA,334164,375949,"Belfast City",13,30,NA,NA,NA,NA,NA,NA,NA,NA,NA,2,"RURAL",-5.92405962741384,54.6139220761642,"2018","A","YORK STREET","A0002","95GG200003"
"B1818","Police Service of Northern Ireland",3,1,1,2018-05-01,"TUE",NA,333825,374084,"Belfast City",2,20,NA,NA,NA,NA,NA,NA,NA,NA,NA,2,"URBAN",-5.93015314859816,54.5972693853092,"2018","A","DONEGALL SQUARE WEST","A0001","95GG390015"
"B1864","Police Service of Northern Ireland",3,1,1,2018-05-04,"FRI",NA,333981,374386,"Belfast City",13,20,NA,NA,NA,NA,NA,NA,NA,NA,NA,1,"URBAN",-5.92760345651743,54.5999392202443,"2018","U","BANK STREET","U0621","95GG200003"
"B1918","Police Service of Northern Ireland",3,2,2,2018-05-07,"MON",NA,334046,375208,"Belfast City",13,30,NA,NA,NA,NA,NA,NA,NA,NA,NA,NA,"URBAN",-5.92622318707605,54.6073012685844,"2018","A","CHICHESTER STREET","A0020","95GG350003"
"B1984","Police Service of Northern Ireland",3,2,2,2018-05-11,"FRI",NA,333999,375101,"Belfast City",13,30,NA,NA,NA,NA,NA,NA,NA,NA,NA,1,"RURAL",-5.92699887664918,54.6063531619826,"2018","A","YORK STREET","A0002","95GG200003"
"B2016","Police Service of Northern Ireland",3,1,1,2018-05-13,"SUN",NA,333906,374322,"Belfast City",13,30,NA,NA,NA,NA,NA,NA,NA,NA,NA,1,"URBAN",-5.92879229840714,54.5993845350761,"2018","U","CASTLE LANE","U0624","95GG210002"
"B2048","Police Service of Northern Ireland",3,1,1,2018-05-14,"MON",NA,333803,374296,"Belfast City",13,30,NA,NA,NA,NA,NA,NA,NA,NA,NA,1,"URBAN",-5.93039672828708,54.5991783792123,"2018","U","CHURCH LANE","U0624","95GG210002"
"B2188","Police Service of Northern Ireland",3,2,3,2018-05-22,"TUE",NA,333991,375104,"Belfast City",13,30,6,3,1,1,1,1,1,1,1,1,"URBAN",-5.92712122442555,54.6063822130665,"2018","A","YORK STREET","A0002","95GG200003"
"B22","Police Service of Northern Ireland",3,2,1,2018-01-02,"TUE",NA,334251,373984,"Belfast City",13,20,NA,NA,NA,NA,NA,NA,NA,NA,NA,NA,"URBAN",-5.92361239916213,54.5962588056895,"2018","B","NORTH STREET","B0010","95GG390011"
"B2201","Police Service of Northern Ireland",3,1,1,2018-05-23,"WED",NA,333634,374287,"Belfast City",13,30,NA,NA,NA,NA,NA,NA,NA,NA,NA,2,"URBAN",-5.93301389174514,54.599142253221,"2018","U","ROSEMARY STREET","U0620","95GG210002"
"B2208","Police Service of Northern Ireland",3,1,1,2018-05-23,"WED",NA,333991,374020,"Belfast City",13,20,NA,NA,NA,NA,NA,NA,NA,NA,NA,2,"URBAN",-5.92761578387556,54.5966509073793,"2018","A","WELLINGTON PLACE","A0001","95GG390015"
"B2309","Police Service of Northern Ireland",3,1,1,2018-05-29,"TUE",NA,334167,375427,"Belfast City",13,30,NA,NA,NA,NA,NA,NA,NA,NA,NA,2,"URBAN",-5.92425184026704,54.6092351891084,"2018","A","YORK STREET","A0002","95GG350001"
"B2369","Police Service of Northern Ireland",3,1,1,2018-06-01,"FRI",NA,333636,373931,"Belfast City",13,30,NA,NA,NA,NA,NA,NA,NA,NA,NA,2,"URBAN",-5.93314491797509,54.5959458212604,"2018","A","YORK STREET","A0002","95GG390015"
"B2511","Police Service of Northern Ireland",3,2,1,2018-06-10,"SUN",NA,333989,374387,"Belfast City",13,30,NA,NA,NA,NA,NA,NA,NA,NA,NA,NA,"RURAL",-5.92747930285513,54.5999460786722,"2018","A","CASTLE STREET","A0501","95GG200003"
"B2752","Police Service of Northern Ireland",3,2,2,2018-06-24,"SUN",NA,333494,374704,"Belfast City",13,30,NA,NA,NA,NA,NA,NA,NA,NA,NA,1,"URBAN",-5.93498902607601,54.6029227335211,"2018","A","MAY STREET","A0020","95GG350004"
"B2765","Police Service of Northern Ireland",3,2,1,2018-06-25,"MON",NA,334215,374620,"Belfast City",2,30,NA,NA,NA,NA,NA,NA,NA,NA,NA,2,"RURAL",-5.92387837822333,54.6019778582634,"2018","A","CHICHESTER STREET","A0020","95GG200003"
"B2783","Police Service of Northern Ireland",3,2,4,2018-06-26,"TUE",NA,334047,375189,"Belfast City",13,30,NA,NA,NA,NA,NA,NA,NA,NA,NA,NA,"RURAL",-5.92621639724963,54.6071304366621,"2018","A","CHICHESTER STREET","A0020","95GG200003"
"B2833","Police Service of Northern Ireland",3,3,4,2018-06-29,"FRI",NA,333838,374088,"Belfast City",13,20,NA,NA,NA,NA,NA,NA,NA,NA,NA,2,"URBAN",-5.92995033064533,54.5973018555109,"2018","A","DONEGALL SQUARE SOUTH","A0020","95GG390015"
"B3065","Police Service of Northern Ireland",3,3,2,2018-07-17,"TUE",NA,333494,374716,"Belfast City",13,30,NA,NA,NA,NA,NA,NA,NA,NA,NA,NA,"URBAN",-5.9349835710642,54.603030460644,"2018","A","MAY STREET","A0020","95GG350004"
"B3220","Police Service of Northern Ireland",3,1,1,2018-07-28,"SAT",NA,333979,374384,"Belfast City",13,30,NA,NA,NA,NA,NA,NA,NA,NA,NA,1,"URBAN",-5.92763529319008,54.5999217954768,"2018","U","BANK STREET","U0621","95GG210002"
"B3295","Police Service of Northern Ireland",3,2,1,2018-08-02,"THU",NA,334054,375197,"Belfast City",13,30,NA,NA,NA,NA,NA,NA,NA,NA,NA,1,"RURAL",-5.92610449010634,54.6072003989501,"2018","A","CHICHESTER STREET","A0020","95GG200003"
"B3351","Police Service of Northern Ireland",3,2,1,2018-08-08,"WED",NA,333632,373978,"Belfast City",13,30,NA,NA,NA,NA,NA,NA,NA,NA,NA,1,"URBAN",-5.93318538229143,54.5963688089613,"2018","U","UPPER ARTHUR STREET","U0624","95GG390015"
"B3476","Police Service of Northern Ireland",2,2,1,2018-08-16,"THU",NA,333803,374767,"Belfast City",13,20,6,3,1,11,1,1,1,1,1,1,"URBAN",-5.93018214571971,54.6034066574476,"2018","U","DONEGALL STREET","U0620","95GG200003"
"B3490","Police Service of Northern Ireland",3,2,1,2018-08-17,"FRI",NA,333616,374066,"Belfast City",13,20,NA,NA,NA,NA,NA,NA,NA,NA,NA,NA,"URBAN",-5.93339273181232,54.5971630335132,"2018","U","UPPER ARTHUR STREET","U0624","95GG390015"
"B3532","Police Service of Northern Ireland",3,2,1,2018-08-20,"MON",NA,334039,375195,"Belfast City",13,30,NA,NA,NA,NA,NA,NA,NA,NA,NA,2,"URBAN",-5.92633737709302,54.6071864201638,"2018","A","CHICHESTER STREET","A0020","95GG350003"
"B364","Police Service of Northern Ireland",3,1,2,2018-01-22,"MON",NA,333535,373976,"Belfast City",13,20,NA,NA,NA,NA,NA,NA,NA,NA,NA,NA,"URBAN",-5.93468599864479,54.5963764644836,"2018","U","UPPER QUEEN STREET","U0624","95GG390012"
"B3658","Police Service of Northern Ireland",3,1,1,2018-08-30,"THU",NA,333566,374152,"Belfast City",13,30,NA,NA,NA,NA,NA,NA,NA,NA,NA,NA,"URBAN",-5.93412668931699,54.597948280365,"2018","U","CLARENCE PLACE MEWS","U0624","95GG210002"
"B3675","Police Service of Northern Ireland",3,2,1,2018-08-31,"FRI",NA,334082,374434,"Belfast City",13,20,NA,NA,NA,NA,NA,NA,NA,NA,NA,NA,"RURAL",-5.9260198647307,54.6003433674555,"2018","A","HOWARD STREET","A0001","95GG200003"
"B3728","Police Service of Northern Ireland",3,1,1,2018-09-03,"MON",NA,333708,374076,"Belfast City",13,20,NA,NA,NA,NA,NA,NA,NA,NA,NA,NA,"URBAN",-5.93196575184206,54.5972285011191,"2018","U","WILLIAM STREET SOUTH","U0624","95GG390015"
"B3769","Police Service of Northern Ireland",3,1,1,2018-09-06,"THU",NA,333665,373982,"Belfast City",13,30,NA,NA,NA,NA,NA,NA,NA,NA,NA,1,"URBAN",-5.93267335320955,54.5963960010553,"2018","A","WELLINGTON PLACE","A0001","95GG390015"
"B3853","Police Service of Northern Ireland",3,1,1,2018-09-11,"TUE",NA,333676,374072,"Belfast City",2,20,NA,NA,NA,NA,NA,NA,NA,NA,NA,2,"URBAN",-5.93246233058569,54.5972010479061,"2018","U","WILLIAM STREET SOUTH","U0624","95GG390015"
"B3855","Police Service of Northern Ireland",3,2,1,2018-09-11,"TUE",NA,333535,374067,"Belfast City",13,20,NA,NA,NA,NA,NA,NA,NA,NA,NA,2,"URBAN",-5.93464463449875,54.5971933958413,"2018","U","UPPER ARTHUR STREET","U0624","95GG390015"
"B3868","Police Service of Northern Ireland",3,2,1,2018-09-12,"WED",NA,333520,374151,"Belfast City",13,20,NA,NA,NA,NA,NA,NA,NA,NA,NA,2,"URBAN",-5.93483837288826,54.5979514450944,"2018","U","CLARKES LANE","U0620","95GG390015"
"B3957","Police Service of Northern Ireland",3,1,1,2018-09-17,"MON",NA,333939,373954,"Belfast City",13,30,NA,NA,NA,NA,NA,NA,NA,NA,NA,NA,"URBAN",-5.92844984345302,54.5960721784494,"2018","B","NORTH STREET","B0010","95GG390015"
"B4042","Police Service of Northern Ireland",3,2,1,2018-09-21,"FRI",NA,334206,375494,"Belfast City",13,30,NA,NA,NA,NA,NA,NA,NA,NA,NA,NA,"RURAL",-5.92361804719996,54.6098263123907,"2018","A","YORK STREET","A0002","95GG200003"
"B4171","Police Service of Northern Ireland",3,2,5,2018-10-01,"MON",NA,333622,374067,"Belfast City",2,30,NA,NA,NA,NA,NA,NA,NA,NA,NA,1,"URBAN",-5.93329950981633,54.5971704261788,"2018","U","UPPER ARTHUR STREET","U0624","95GG390015"
"B4203","Police Service of Northern Ireland",3,2,1,2018-10-04,"THU",NA,334214,374125,"Belfast City",2,20,NA,NA,NA,NA,NA,NA,NA,NA,NA,NA,"URBAN",-5.92412002915454,54.5975344081996,"2018","A","YORK STREET","A0002","95GG390015"
"B4231","Police Service of Northern Ireland",3,1,2,2018-10-05,"FRI",NA,333732,374077,"Belfast City",13,30,NA,NA,NA,NA,NA,NA,NA,NA,NA,2,"URBAN",-5.93159422784831,54.5972311351885,"2018","A","DONEGALL SQUARE EAST","A0001","95GG390015"
"B4232","Police Service of Northern Ireland",3,1,1,2018-10-05,"FRI",NA,334051,374532,"Belfast City",2,30,NA,NA,NA,NA,NA,NA,NA,NA,NA,NA,"RURAL",-5.9264544677548,54.6012313499988,"2018","U","HILL STREET","U0616","95GG200003"
"B4307","Police Service of Northern Ireland",3,1,1,2018-10-10,"WED",NA,333572,374680,"Belfast City",13,30,NA,NA,NA,NA,NA,NA,NA,NA,NA,2,"URBAN",-5.933793798829,54.6026866886201,"2018","U","MARQUIS STREET","U0621","95GG350004"
"B4382","Police Service of Northern Ireland",3,2,1,2018-10-14,"SUN",NA,333641,375001,"Belfast City",13,30,NA,NA,NA,NA,NA,NA,NA,NA,NA,1,"URBAN",-5.93258074021487,54.605550159564,"2018","U","DONEGALL STREET","U0620","95GG350005"
"B4444","Police Service of Northern Ireland",3,1,1,2018-10-18,"THU",NA,334001,374638,"Belfast City",2,20,NA,NA,NA,NA,NA,NA,NA,NA,NA,2,"RURAL",-5.92717923607927,54.6021961822585,"2018","U","GRESHAM STREET","U0621","95GG200003"
"B4467","Police Service of Northern Ireland",3,2,1,2018-10-20,"SAT",NA,333804,374745,"Belfast City",13,30,NA,NA,NA,NA,NA,NA,NA,NA,NA,NA,"RURAL",-5.93017670647531,54.6032088938085,"2018","U","DONEGALL STREET","U0620","95GG200003"
"B4472","Police Service of Northern Ireland",3,2,1,2018-10-20,"SAT",NA,333883,374634,"Belfast City",13,20,NA,NA,NA,NA,NA,NA,NA,NA,NA,NA,"RURAL",-5.92900569971456,54.6021915181456,"2018","A","DONEGALL STREET","A0006","95GG200003"
"B4491","Police Service of Northern Ireland",3,1,1,2018-10-21,"SUN",NA,334205,375493,"Belfast City",13,30,NA,NA,NA,NA,NA,NA,NA,NA,NA,1,"RURAL",-5.92363397029136,54.6098176005865,"2018","A","YORK STREET","A0002","95GG200003"
"B4520","Police Service of Northern Ireland",3,2,2,2018-10-23,"TUE",NA,334136,374576,"Belfast City",13,20,NA,NA,NA,NA,NA,NA,NA,NA,NA,2,"RURAL",-5.92512004626575,54.6016038156158,"2018","A","WARING STREET",NA,"95GG200003"
"B4551","Police Service of Northern Ireland",3,2,2,2018-10-25,"THU",NA,334173,374474,"Belfast City",2,30,6,3,1,11,1,1,1,1,1,1,"URBAN",-5.92459452127938,54.600678328395,"2018","U","NORTH STREET","U0620","95GG200003"
"B4701","Police Service of Northern Ireland",3,1,1,2018-11-02,"FRI",NA,334228,373982,"Belfast City",2,20,6,3,1,11,4,2,2,1,1,1,"URBAN",-5.92396891032328,54.5962469535527,"2018","A","MAY STREET","A0020","95GG390015"
"B4743","Police Service of Northern Ireland",3,1,1,2018-11-05,"MON",NA,334028,374397,"Belfast City",13,20,NA,NA,NA,NA,NA,NA,NA,NA,NA,NA,"RURAL",-5.9268717145642,54.600025519925,"2018","A","HIGH STREET","A0501","95GG200003"
"B4763","Police Service of Northern Ireland",3,1,1,2018-11-06,"TUE",NA,333638,373922,"Belfast City",13,30,NA,NA,NA,NA,NA,NA,NA,NA,NA,NA,"URBAN",-5.93311809041511,54.595864497673,"2018","A","HIGH STREET","A0501","95GG390015"
"B5029","Police Service of Northern Ireland",3,1,1,2018-11-22,"THU",NA,333587,374533,"Belfast City",2,30,NA,NA,NA,NA,NA,NA,NA,NA,NA,NA,"URBAN",-5.93362871607639,54.6013630711946,"2018","U","UPPER ARTHUR STREET","U0624","95GG400007"
"B5073","Police Service of Northern Ireland",3,2,1,2018-11-24,"SAT",NA,333934,374469,"Belfast City",13,30,NA,NA,NA,NA,NA,NA,NA,NA,NA,1,"RURAL",-5.92829233084323,54.6006967754004,"2018","U","MUSIC HALL LANE","U0624","95GG200003"
"B5135","Police Service of Northern Ireland",3,2,1,2018-11-27,"TUE",NA,333749,374850,"Belfast City",2,30,NA,NA,NA,NA,NA,NA,NA,NA,NA,1,"URBAN",-5.93097937196444,54.6041660494517,"2018","U","DONEGALL STREET","U0620","95GG350004"
"B5219","Police Service of Northern Ireland",2,1,1,2018-12-01,"SAT",NA,333751,374846,"Belfast City",13,30,12,7,1,1,7,5,2,1,1,1,"URBAN",-5.93095026629277,54.6041296116573,"2018","U","DONEGALL STREET","U0620","95GG350004"
"B5282","Police Service of Northern Ireland",3,2,3,2018-12-04,"TUE",NA,334232,374051,"Belfast City",2,30,NA,NA,NA,NA,NA,NA,NA,NA,NA,NA,"URBAN",-5.92387554005121,54.5968653196399,"2018","U","EXCHANGE STREET","U0620","95GG390015"
"B5355","Police Service of Northern Ireland",3,2,1,2018-12-07,"FRI",NA,334172,375910,"Belfast City",13,20,NA,NA,NA,NA,NA,NA,NA,NA,NA,2,"RURAL",-5.92395371842264,54.6135698433044,"2018","A","YORK STREET","A0002","95GG200003"
"B5387","Police Service of Northern Ireland",3,2,1,2018-12-09,"SUN",NA,333749,374849,"Belfast City",13,20,NA,NA,NA,NA,NA,NA,NA,NA,NA,1,"URBAN",-5.93097982745015,54.6041570722159,"2018","U","DONEGALL STREET","U0620","95GG350004"
"B5492","Police Service of Northern Ireland",3,1,1,2018-12-14,"FRI",NA,334347,374361,"Belfast City",13,30,NA,NA,NA,NA,NA,NA,NA,NA,NA,1,"RURAL",-5.92195574834536,54.5996177263078,"2018","U","ARTHUR STREET","U0624","95GG200003"
"B5517","Police Service of Northern Ireland",3,1,1,2018-12-16,"SUN",NA,334162,374480,"Belfast City",13,30,NA,NA,NA,NA,NA,NA,NA,NA,NA,2,"RURAL",-5.92476186732314,54.6007351090186,"2018","U","NORTH STREET","U0620","95GG200003"
"B554","Police Service of Northern Ireland",3,2,1,2018-02-02,"FRI",NA,333916,374326,"Belfast City",13,20,NA,NA,NA,NA,NA,NA,NA,NA,NA,NA,"URBAN",-5.92863585486394,54.5994177970183,"2018","U","CHAPEL LANE","U0621","95GG210002"
"B5802","Police Service of Northern Ireland",3,2,2,2019-01-06,"SUN",NA,333499,374712,"Belfast City",13,30,NA,NA,NA,NA,NA,NA,NA,NA,NA,NA,"URBAN",-5.93490807233137,54.6029932320363,"2019","A","MAY STREET","A0020","95GG350004"
"B586","Police Service of Northern Ireland",3,1,1,2018-02-03,"SAT",NA,334010,374605,"Belfast City",2,30,NA,NA,NA,NA,NA,NA,NA,NA,NA,NA,"RURAL",-5.9270551271591,54.6018975499029,"2018","A","HIGH STREET","A0501","95GG200003"
"B5896","Police Service of Northern Ireland",2,1,1,2019-01-12,"SAT",NA,333740,373977,"Belfast City",2,30,12,7,1,11,2,10,1,1,1,2,"URBAN",-5.93151606313291,54.5963312955697,"2019","A","DONEGALL PLACE","A0006","95GG390015"
"B5941","Police Service of Northern Ireland",3,2,1,2019-01-16,"WED",NA,333638,374992,"Belfast City",13,30,8,3,1,11,4,2,2,1,1,1,"URBAN",-5.93263122960669,54.6054701570385,"2019","U","DONEGALL STREET","U0620","95GG350005"
"B6025","Police Service of Northern Ireland",2,1,1,2019-01-22,"TUE",NA,333622,374078,"Belfast City",13,30,6,3,1,11,1,1,1,1,1,1,"URBAN",-5.93329450636385,54.5972691760309,"2019","U","ROSEMARY STREET","U0620","95GG390015"
"B6069","Police Service of Northern Ireland",3,2,1,2019-01-23,"WED",NA,334046,375209,"Belfast City",13,30,8,3,1,1,7,10,10,1,1,2,"URBAN",-5.92622273049085,54.6073102457886,"2019","A","CHICHESTER STREET","A0020","95GG350003"
"B6224","Police Service of Northern Ireland",3,2,1,2019-02-02,"SAT",NA,333645,374992,"Belfast City",13,30,NA,NA,NA,NA,NA,NA,NA,NA,NA,NA,"URBAN",-5.9325229792978,54.6054683074701,"2019","U","DONEGALL STREET","U0620","95GG350005"
"B6290","Police Service of Northern Ireland",3,2,1,2019-02-07,"THU",NA,333632,374270,"Belfast City",13,30,NA,NA,NA,NA,NA,NA,NA,NA,NA,NA,"URBAN",-5.93305254968275,54.5989901681757,"2019","U","ROSEMARY STREET","U0620","95GG210002"
"B6321","Police Service of Northern Ireland",3,1,1,2019-02-09,"SAT",NA,333940,374447,"Belfast City",13,30,NA,NA,NA,NA,NA,NA,NA,NA,NA,NA,"URBAN",-5.92820958876829,54.6004976878712,"2019","U","BANK STREET","U0621","95GG210002"
"B6399","Police Service of Northern Ireland",3,2,1,2019-02-14,"THU",NA,333568,374062,"Belfast City",13,30,NA,NA,NA,NA,NA,NA,NA,NA,NA,NA,"URBAN",-5.93413668793784,54.5971397986488,"2019","U","UPPER ARTHUR STREET","U0624","95GG390015"
"B6502","Police Service of Northern Ireland",3,1,1,2019-02-20,"WED",NA,333630,374028,"Belfast City",13,30,NA,NA,NA,NA,NA,NA,NA,NA,NA,2,"URBAN",-5.9331935606141,54.5968182001758,"2019","U","WINETAVERN STREET","U0621","95GG390015"
"B6511","Police Service of Northern Ireland",3,1,1,2019-02-21,"THU",NA,333628,374251,"Belfast City",13,30,NA,NA,NA,NA,NA,NA,NA,NA,NA,NA,"URBAN",-5.93312304081198,54.5988206568702,"2019","U","ROSEMARY STREET","U0620","95GG210002"
"B6654","Police Service of Northern Ireland",3,3,1,2019-03-01,"FRI",NA,334080,373966,"Belfast City",13,20,NA,NA,NA,NA,NA,NA,NA,NA,NA,NA,"URBAN",-5.92626440652525,54.5961425598555,"2019","U","LOWER GARFIELD STREET","U0620","95GG390015"
"B6745","Police Service of Northern Ireland",3,2,1,2019-03-08,"FRI",NA,333634,374990,"Belfast City",13,30,NA,NA,NA,NA,NA,NA,NA,NA,NA,NA,"URBAN",-5.93269399719253,54.6054532594041,"2019","U","DONEGALL STREET","U0620","95GG350005"
"B7093","Police Service of Northern Ireland",3,2,1,2019-03-29,"FRI",NA,333793,374754,"Belfast City",13,30,NA,NA,NA,NA,NA,NA,NA,NA,NA,NA,"URBAN",-5.93034270394728,54.6032925985477,"2019","A","ROYAL AVENUE","A0006","95GG200003"
"B732","Police Service of Northern Ireland",3,1,1,2018-02-12,"MON",NA,333735,374025,"Belfast City",13,30,NA,NA,NA,NA,3,10,NA,NA,NA,2,"URBAN",-5.93157151661392,54.5967635252226,"2018","A","DONEGALL SQUARE SOUTH","A0020","95GG390015"
"B774","Police Service of Northern Ireland",3,2,1,2018-02-15,"THU",NA,333996,373968,"Belfast City",13,20,NA,NA,NA,NA,NA,NA,NA,NA,NA,1,"URBAN",-5.92756219688753,54.5961827673575,"2018","U","WELLINGTON STREET","U0624","95GG390015"
"B781","Police Service of Northern Ireland",3,2,1,2018-02-15,"THU",NA,333549,373969,"Belfast City",13,20,NA,NA,NA,NA,NA,NA,NA,NA,NA,NA,"URBAN",-5.93447272810235,54.596309928465,"2018","U","UPPER QUEEN STREET","U0624","95GG390015"
"B840","Police Service of Northern Ireland",3,2,1,2018-02-19,"MON",NA,334399,373999,"Belfast City",13,20,NA,NA,NA,NA,NA,NA,NA,NA,NA,1,"URBAN",-5.92131734840331,54.5963541717684,"2018","U","MONTGOMERY STREET","U0624","95GG390013"
"B851","Police Service of Northern Ireland",3,2,2,2018-02-20,"TUE",NA,333494,374717,"Belfast City",13,30,NA,NA,NA,NA,NA,NA,NA,NA,NA,1,"URBAN",-5.93498311647826,54.6030394379041,"2018","A","MAY STREET","A0020","95GG350004"
